Path	Lines	Status
GlobalHr.SuiteGuiTests.SuiteGlobalTests.SetupInternationalCompany	1	Not Started
GlobalHr.SuiteGuiTests.SuiteBusRules.SuiteJobs.SaveNewJobUsaHouPayScaleN	1	Not Started
GlobalHr.SuiteGuiTests.SuiteBusRules.SuiteJobs.CompetenciesPageAddMode	1	Not Started
GlobalHr.SuiteGuiTests.SuiteGlobalTests.GlobalNewHireCurrency	3	Not Started
GlobalHr.SuiteGuiTests.SuiteHrTests.HireTests.NewHire.UsTests.NewHireEarnGroupWaitingPeriod	9	Not Started
GlobalHr.SuiteGuiTests.SuiteHrTests.HireTests.NewHire.UsTests.EmployeeNeedsActiveEarning	11	Not Started
GlobalHr.SuiteGuiTests.SuiteBusRules.SuiteEarningsGroup.ValidateCannotDeleteAssignedGroup	12	Not Started
GlobalHr.SuiteGuiTests.SuiteHrTests.DeductionsTab.SuiteCalcRules	13	Not Started
GlobalHr.SuiteGuiTests.SuiteGlobalTests.GlobalNewHirePayRate	14	Not Started
GlobalHr.SuiteGuiTests.SuiteBusRules.SuiteEarningsGroup.HappyPath	14	Not Started
GlobalHr.SuiteGuiTests.SuiteGlobalTests.GlobalNewHireCurrencyBlank	15	Not Started
GlobalHr.SuiteGuiTests.SuiteHrTests.HireTests.NewHire.UsTests.NewHirePayRateInputMax	16	Not Started
GlobalHr.SuiteGuiTests.SuiteBusRules.SuiteDeductionBenefitGrps.TestDedSortEmptyGrid	17	Not Started
GlobalHr.SuiteGuiTests.SuiteBusRules.SuiteDeductionBenefitGrps.TestDdctnBnftsGrpsPageSp	17	Not Started
GlobalHr.SuiteGuiTests.SuiteBusRules.SuiteDeductionBenefitGrps.TestDdctnBnftsGrpsPageFr	17	Not Started
GlobalHr.SuiteGuiTests.SuiteHrTests.DeductionsTab.SuiteHiddenDeductions.HiddenDedChgDedGrpSysAdminUsa	19	Not Started
GlobalHr.SuiteGuiTests.SuiteBusRules.SuiteEarningsGroup.CreateAddChangePage	19	Not Started
GlobalHr.SuiteGuiTests.SuiteHrTests.DeductionsTab.SuiteHiddenDeductions.HiddenDeductionChgDedGrpSysAdmCan	19	Not Started
GlobalHr.SuiteGuiTests.SuiteHrTests.DeductionsTab.SuiteHiddenDeductions.HiddenDeductionChgDedGroupMssUsa	20	Not Started
GlobalHr.SuiteGuiTests.SuiteHrTests.DeductionsTab.SuiteHiddenDeductions.HiddenDeductionChgDedGrpMssCan	20	Not Started
GlobalHr.SuiteGuiTests.SuiteHrTests.DeductionsTab.SuiteHiddenDeductions.HiddenDeductionAddDedMssCan	20	Not Started
GlobalHr.SuiteGuiTests.SuiteHrTests.DeductionsTab.SuiteHiddenDeductions.HiddenDeductionAddDedSysAdminCan	21	Not Started
GlobalHr.SuiteGuiTests.SuiteReports.SuiteSuppressViaFlag.TestVarPayGrpReport	22	Not Started
GlobalHr.SuiteGuiTests.SuiteHrTests.DeductionsTab.SuiteHiddenDeductions.HiddenDeductionAddDedMssUsa	22	Not Started
GlobalHr.SuiteGuiTests.SuiteReports.SuiteSuppressViaFlag.TestEmpVarPayReport	22	Not Started
GlobalHr.SuiteGuiTests.SuiteReports.SuiteSuppressViaFlag.TestLocalSalDiffReport	22	Not Started
GlobalHr.SuiteGuiTests.SuiteHrTests.DeductionsTab.SuiteHiddenDeductions.HiddenDeductionAddDedSysAdminUsa	22	Not Started
GlobalHr.SuiteGuiTests.SuiteHrTests.CanadaTransferTests.TestStartPageUiEs	22	Not Started
GlobalHr.SuiteGuiTests.SuiteReports.SuiteSuppressViaFlag.TestVarPayPlnReport	22	Not Started
GlobalHr.SuiteGuiTests.SuiteHrTests.CanadaTransferTests.TestStartPageUi	23	Not Started
GlobalHr.SuiteGuiTests.SuiteHrTests.CanadaTransferTests.TestStartPageUiFr	23	Not Started
GlobalHr.SuiteGuiTests.SuiteFramework.SuiteUsCalendar.TestCalendarPopup	23	Not Started
GlobalHr.SuiteGuiTests.SuiteGlobalTests.SetupInternationalCompany.TestCodeIsCapitalized	25	Not Started
GlobalHr.SuiteGuiTests.SuiteGlobalTests.EditPayRate	25	Not Started
GlobalHr.SuiteGuiTests.SuiteHrTests.CanadaTransferTests.SuiteErrorMessages.TestMultiHireEe	26	Not Started
GlobalHr.SuiteGuiTests.SuiteHrTests.DeductionsTab.DedPlanStartsBlank	28	Not Started
GlobalHr.SuiteGuiTests.SuiteFramework.SuiteMisc.TestCodeFilterLocalizeWithSpCode	28	Not Started
GlobalHr.SuiteGuiTests.SuiteOtherTests.TestAllCountriesLocalization	29	Not Started
GlobalHr.SuiteGuiTests.SuiteMssTests.TestChngEarnLinkRespSmc	29	Not Started
GlobalHr.SuiteGuiTests.SuiteHrTests.CanadaTransferTests.SuiteErrorMessages.TestNoAvailableComp	29	Not Started
GlobalHr.SuiteGuiTests.SuiteMssTests.TestChngDedLinkRespSmc	29	Not Started
GlobalHr.SuiteGuiTests.SuiteMssTests.TestManagerAccessToGlobalEmployeeBenefits	30	Not Started
GlobalHr.SuiteGuiTests.SuiteBusRules.SuiteDeductionBenefitPlans.GlobalDeductionSetup	30	Not Started
GlobalHr.SuiteGuiTests.SuiteHrTests.JobTests.JobHistoryDescriptions	31	Not Started
GlobalHr.SuiteGuiTests.SuiteFramework.SuiteFilterCriteria.TestCriteriaPreservedAfterPageReLoad	32	Not Started
GlobalHr.SuiteGuiTests.SuiteFramework.SuiteFilterCriteria.TestRemoveRow	32	Not Started
GlobalHr.SuiteGuiTests.SuiteFramework.SuiteWebHtmlEditor.TestEnterKeyWorks	33	Not Started
GlobalHr.SuiteGuiTests.SuiteHrTests.JobTests.VariablePayTabMssViewEdit	34	Not Started
GlobalHr.SuiteGuiTests.SuiteFramework.SuiteWindowManager.TestSessionAbandon	34	Not Started
GlobalHr.SuiteGuiTests.SuiteHrTests.BenefitsTests.CurrentBenefitsFromGlobal	34	Not Started
GlobalHr.SuiteGuiTests.SuiteBusRules.SuiteSalaryDiff.Tests07DuplicateGroups	35	Not Started
GlobalHr.SuiteGuiTests.SuiteReports.AvailableSecurity.TestCodeFilteringNone	35	Not Started
GlobalHr.SuiteGuiTests.SuiteReports.TemplateSecurity.TestCodeFilteringNone	35	Not Started
GlobalHr.SuiteGuiTests.SuiteGlobalTests.GlobalEditCurrency	35	Not Started
GlobalHr.SuiteGuiTests.SuiteHrTests.TransferTests.SuiteErrorMessages.TestMultiHireEe	36	Not Started
GlobalHr.SuiteGuiTests.SuiteFramework.SuiteUsCalendar.TestLeapYear	36	Not Started
GlobalHr.SuiteGuiTests.SuiteBusRules.SuiteDeductionBenefitGrps.TestDedUniqueCo	37	Not Started
GlobalHr.SuiteGuiTests.SuiteBusRules.SuiteSalaryDiff.Test08NoLocationAssigned	37	Not Started
GlobalHr.SuiteGuiTests.SuiteReports.SuiteSuppressViaFlag.TestEmpCurRateReport	37	Not Started
GlobalHr.SuiteGuiTests.SuiteMssTests.TestEarnDedLinksShowServerError	38	Not Started
GlobalHr.SuiteGuiTests.SuiteReports.SuiteSuppressViaFlag.TestCurConRateReport	38	Not Started
GlobalHr.SuiteGuiTests.SuiteHrTests.SuitePayScales.ReHireSalRvwDate1.ScenarioSeven	38	Not Started
GlobalHr.SuiteGuiTests.SuiteBusRules.SuiteDeductionBenefitGrps.TestDedQuaFr	38	Not Started
GlobalHr.SuiteGuiTests.SuiteFramework.SuiteFilterCriteria.TestClearFilters	39	Not Started
GlobalHr.SuiteGuiTests.SuiteFramework.SuiteFilterCriteria.TestAddRow	40	Not Started
GlobalHr.SuiteGuiTests.SuiteFramework.SuiteMisc.TestFindByPriorCustomDaysMonths	40	Not Started
GlobalHr.SuiteGuiTests.SuiteReports.AvailableSecurity.TestRolesBase	40	Not Started
GlobalHr.SuiteGuiTests.SuiteReports.TemplateSecurity.TestRolesBase	40	Not Started
GlobalHr.SuiteGuiTests.SuiteBusRules.SuiteUserDefinedFields.TestLanguageEs	41	Not Started
GlobalHr.SuiteGuiTests.SuiteFramework.SuiteUsGridView.SuiteInbox.PagingWorkflow	42	Not Started
GlobalHr.SuiteGuiTests.SuiteHrTests.SuitePayScales.ReHireSalRvwDate1.ScenarioOne	42	Not Started
GlobalHr.SuiteGuiTests.SuiteFramework.SuiteUsCalendar.TestInvalidDateInput	43	Not Started
GlobalHr.SuiteGuiTests.SuiteHrTests.PayTab.AddDependantDeductionGlobal	43	Not Started
GlobalHr.SuiteGuiTests.SuiteReports.TemplateSecurity.TestComponentCompany	43	Not Started
GlobalHr.SuiteGuiTests.SuiteReports.AvailableSecurity.TestComponentCompany	43	Not Started
GlobalHr.SuiteGuiTests.SuiteHrTests.JobTests.VariablePayTabEeadmViewEdit	43	Not Started
GlobalHr.SuiteGuiTests.SuiteHrTests.PayTab.AddDependantDeductionCan	44	Not Started
GlobalHr.SuiteGuiTests.SuiteGlobalTests.TestGloblProductKey.UnregisteredPk.GlobalMss.CareerAndEducationTab	44	Not Started
GlobalHr.SuiteGuiTests.SuiteGlobalTests.TestGloblProductKey.RegisteredPk.GlobalMss.CareerAndEducationTab	44	Not Started
GlobalHr.SuiteGuiTests.SuiteGlobalTests.TestGloblProductKey.UnregisteredPk.GlobalEeadm.CareerAndEducationTab	44	Not Started
GlobalHr.SuiteGuiTests.SuiteHrTests.PayTab.AddDependantDeductionUsa	44	Not Started
GlobalHr.SuiteGuiTests.SuiteHrTests.DeductionCoverageDates.Test01NoWaitingPerdiod	44	Not Started
GlobalHr.SuiteGuiTests.SuiteGlobalTests.TestGloblProductKey.RegisteredPk.GlobalEeadm.CareerAndEducationTab	44	Not Started
GlobalHr.SuiteGuiTests.SuiteReports.CompletedTab.LinkToExcelAdobe	45	Not Started
GlobalHr.SuiteGuiTests.SuiteFramework.SuiteUsGridView.SuiteSuperFinder.UserfinderPaging	46	Not Started
GlobalHr.SuiteGuiTests.SuiteHrTests.DeductionsTab.SuiteHiddenDeductions.HiddenDeductionChgDedGrpSiteAdminMss	46	Not Started
GlobalHr.SuiteGuiTests.SuiteHrTests.JobTests.JobsFlsa	46	Not Started
GlobalHr.SuiteGuiTests.SuiteHrTests.DeductionsTab.SuiteHiddenDeductions.HiddenDeductionChgDedGroupSiteAdmin	46	Not Started
GlobalHr.SuiteGuiTests.SuiteGlobalTests.TestGlobalProductKeyUpdater	47	Not Started
GlobalHr.SuiteGuiTests.SuiteGlobalTests.TestGloblProductKey.UnregisteredPk.GlobalMss.TrainingTab	47	Not Started
GlobalHr.SuiteGuiTests.SuiteGlobalTests.TestGloblProductKey.RegisteredPk.GlobalMss.DocumentsTab	47	Not Started
GlobalHr.SuiteGuiTests.SuiteFramework.SuiteMisc.TestInvalidDateSave	47	Not Started
GlobalHr.SuiteGuiTests.SuiteGlobalTests.TestGloblProductKey.UnregisteredPk.GlobalEeadm.DocumentsTab	47	Not Started
GlobalHr.SuiteGuiTests.SuiteGlobalTests.TestGloblProductKey.RegisteredPk.GlobalEeadm.DocumentsTab	47	Not Started
GlobalHr.SuiteGuiTests.SuiteGlobalTests.TestGloblProductKey.RegisteredPk.GlobalEeadm.TrainingTab	47	Not Started
GlobalHr.SuiteGuiTests.SuiteGlobalTests.TestGloblProductKey.UnregisteredPk.GlobalEeadm.TrainingTab	47	Not Started
GlobalHr.SuiteGuiTests.SuiteHrTests.DeductionsTab.SuiteHiddenDeductions.HiddenDeductionAddDedSiteAdmin	47	Not Started
GlobalHr.SuiteGuiTests.SuiteHrTests.DeductionsTab.SuiteHiddenDeductions.HiddenDeductionAddDedSiteAdminMss	47	Not Started
GlobalHr.SuiteGuiTests.SuiteFramework.SuiteDeepLink.DeepLinkChangeDefaultPassword	47	Not Started
GlobalHr.SuiteGuiTests.SuiteGlobalTests.TestGloblProductKey.UnregisteredPk.GlobalMss.DocumentsTab	47	Not Started
GlobalHr.SuiteGuiTests.SuiteGlobalTests.TestGloblProductKey.RegisteredPk.GlobalMss.TrainingTab	47	Not Started
GlobalHr.SuiteGuiTests.SuiteBusRules.SuiteSalaryDiff.Test09DuplicateLocation	47	Not Started
GlobalHr.SuiteGuiTests.SuiteBusRules.SuiteCurrencyConversion.NewBusinessRuleEs	48	Not Started
GlobalHr.SuiteGuiTests.SuiteBusRules.SuiteEarnings.EarningsCategoryColumns	49	Not Started
GlobalHr.SuiteGuiTests.SuiteFramework.SuiteMisc.TestViewOnlyPrevPageButton	49	Not Started
GlobalHr.SuiteGuiTests.SuiteOtherTests.SearchByNationalId	50	Not Started
GlobalHr.SuiteGuiTests.SuiteBusRules.SuiteCurrencyConversion.NewBusinessRuleFr	50	Not Started
GlobalHr.SuiteGuiTests.SuiteBusRules.SuiteSalaryDiff.Test10FindBy	51	Not Started
GlobalHr.SuiteGuiTests.SuiteHrTests.CanadaTransferTests.SuiteErrorMessages.TestTerminatedEe	51	Not Started
GlobalHr.SuiteGuiTests.SuitePayrollTests.EarningsTab.EarningsDescHasBlankAndIsRequired	51	Not Started
GlobalHr.SuiteGuiTests.SuiteHrTests.TransferTests.SuiteTicdLink.TestCanTicdEs	52	Not Started
GlobalHr.SuiteGuiTests.SuiteHrTests.TransferTests.SuiteTicdLink.TestCanTicdFr	52	Not Started
GlobalHr.SuiteGuiTests.SuiteHrTests.TransferTests.SuiteTicdLink.TestTicdEn	52	Not Started
GlobalHr.SuiteGuiTests.SuiteHrTests.TransferTests.SuiteTicdLink.TestTicdFr	52	Not Started
GlobalHr.SuiteGuiTests.SuiteHrTests.TransferTests.SuiteTicdLink.TestTicdEs	52	Not Started
GlobalHr.SuiteGuiTests.SuiteFramework.SuiteDeepLink.DeepLinkLanguagePrefs	52	Not Started
GlobalHr.SuiteGuiTests.SuiteHrTests.TransferTests.SuiteTicdLink.TestCanTicdEn	52	Not Started
GlobalHr.SuiteGuiTests.SuiteEeadmTests.TestChangeNameAndAddress	53	Not Started
GlobalHr.SuiteGuiTests.SuiteBusRules.SuiteDeductionBenefitGrps.TestDedValDupl2	53	Not Started
GlobalHr.SuiteGuiTests.SuiteBusRules.SuiteDeductionBenefitGrps.TestDedValDupl	55	Not Started
GlobalHr.SuiteGuiTests.SuiteHrTests.ContactsTests.MssContactAddress	55	Not Started
GlobalHr.SuiteGuiTests.SuiteHrTests.TransferTests.SuiteTicdLink.TestHideTransferEmployeeForGlobal	55	Not Started
GlobalHr.SuiteGuiTests.SuiteFramework.SuiteUsGridView.SuiteAwards.AwardsPagingAndUpdateTest	56	Not Started
GlobalHr.SuiteGuiTests.SuiteBusRules.SuiteCurrencyConversion.NewBusinesRuleSummary	56	Not Started
GlobalHr.SuiteGuiTests.SuiteFramework.SuiteFilterSessionPersistance.TestPreservePageSize	57	Not Started
GlobalHr.SuiteGuiTests.SuiteFramework.SuiteFilterSessionPersistance.TestPreservePageNumber	57	Not Started
GlobalHr.SuiteGuiTests.SuiteHrTests.PersonalTab.EssAddressCountryChange	58	Not Started
GlobalHr.SuiteGuiTests.SuiteFramework.SuiteFilterCriteria.TestChangeCriteria	59	Not Started
GlobalHr.SuiteGuiTests.SuiteFramework.SuiteUsGridView.SuiteMyEmployees.PagingWorkflow	59	Not Started
GlobalHr.SuiteGuiTests.Google508Compliance.StimulateUsClientLinkTest	60	Not Started
GlobalHr.SuiteGuiTests.SuiteHrTests.TransferTests.SuiteErrorMessages.TestNoAvailableComp	60	Not Started
GlobalHr.SuiteGuiTests.SuiteHrTests.TransferTests.SuiteErrorMessages.TestTerminatedEe	61	Not Started
GlobalHr.SuiteGuiTests.SuiteHrTests.TransferTests.SuiteErrorMessages.TestNoErrors	62	Not Started
GlobalHr.SuiteGuiTests.SuiteBusRules.SuiteVariablePay.TestCompmPk.RegisteredPk.VarPayPlanOn	62	Not Started
GlobalHr.SuiteGuiTests.SuiteHrTests.HireTests.NewHire.UsTests.SuiteLasitGui.TestLasit	62	Not Started
GlobalHr.SuiteGuiTests.SuiteHrTests.TransferTests.SuiteEmpNoTimeclock.TestDuplicateEmpnoWithinCompany	62	Not Started
GlobalHr.SuiteGuiTests.SuiteBusRules.SuiteVariablePay.TestCompmPk.RegisteredPk.VarPayPlanOff	62	Not Started
GlobalHr.SuiteGuiTests.SuiteHrTests.JobTests.SalaryPlanSuite.ChangeSalaryPlanEn	63	Not Started
GlobalHr.SuiteGuiTests.SuiteFramework.SuiteFilterCriteria.TestAddAndRemoveFromAllRows	64	Not Started
GlobalHr.SuiteGuiTests.SuiteHrTests.JobTests.SalaryPlanSuite.ChangeSalaryPlanFr	64	Not Started
GlobalHr.SuiteGuiTests.SuiteBusRules.LeaveOfAbsenceReasons.VerifyPageDefaults	64	Not Started
GlobalHr.SuiteGuiTests.SuiteHrTests.JobTests.SalaryPlanSuite.ChangeSalaryPlanEs	64	Not Started
GlobalHr.SuiteGuiTests.SuiteHrTests.TransferTests.SuiteEmpNoTimeclock.TestDuplicateEmpnoTimeclock1	64	Not Started
GlobalHr.SuiteGuiTests.SuiteBusRules.ReviewTypes.ReviewTypesPage	64	Not Started
GlobalHr.SuiteGuiTests.SuiteBusRules.LicenseAndCertifications.VerifyPageDefaults	64	Not Started
GlobalHr.SuiteGuiTests.SuiteBusRules.SuiteSalaryDiff.Test12SalaryDiffValues	65	Not Started
GlobalHr.SuiteGuiTests.SuiteHrTests.CanadianEmploymentEquityAct.PrivateInfoGlobalEmp	65	Not Started
GlobalHr.SuiteGuiTests.SuiteBusRules.SuiteJobGroups.TestJobValDupl2	66	Not Started
GlobalHr.SuiteGuiTests.SuiteBusRules.JobChangeReason.CheckPageDefaults	66	Not Started
GlobalHr.SuiteGuiTests.SuiteFramework.SuiteDeepLink.DeepLinkToEducation	66	Not Started
GlobalHr.SuiteGuiTests.SuiteHrTests.DeductionsTab.MyselfEssPayCurrentUsaSuppressDed	66	Not Started
GlobalHr.SuiteGuiTests.SuiteHrTests.DeductionsTab.MyselfEssYtdSummaryUsaSuppressDed	66	Not Started
GlobalHr.SuiteGuiTests.Google508Compliance.TabbingAtEndOfMenuTest	67	Not Started
GlobalHr.SuiteGuiTests.SuiteFramework.SuiteDeepLink.DeepLinkToMyselfSummary	68	Not Started
GlobalHr.SuiteGuiTests.SuiteFramework.SuiteMisc.TestInvalidRequiredDateSave	68	Not Started
GlobalHr.SuiteGuiTests.SuiteHrTests.TransferTests.SuiteEmpNoTimeclock.TestDuplicateEmpnoAcrossCompanies	68	Not Started
GlobalHr.SuiteGuiTests.SuiteHrTests.ContactsTests.EssContactAddress	68	Not Started
GlobalHr.SuiteGuiTests.SuiteHrTests.DeductionsTab.EeAdminDedSummUsaSuppressDed	69	Not Started
GlobalHr.SuiteGuiTests.SuiteSettings.CompensationManagement.CanViewChangeCompensationPage	69	Not Started
GlobalHr.SuiteGuiTests.SuiteFramework.SuiteUsGridView.SuiteAwards.AddAndRemoveTest	69	Not Started
GlobalHr.SuiteGuiTests.SuiteBusRules.SuiteEarningsCodes.TestEditCanEarnHcsoWithHistory	69	Not Started
GlobalHr.SuiteGuiTests.SuiteHrTests.DeductionsTab.InfoStringsForSuppressedDedMssUsa	70	Not Started
GlobalHr.SuiteGuiTests.SuiteBusRules.SuiteDeductionBenefitPlans.SuiteGlobalBenefitPlans.TestRatesPage	71	Not Started
GlobalHr.SuiteGuiTests.SuiteHrTests.ContactsTests.EeadminContactAddress	72	Not Started
GlobalHr.SuiteGuiTests.SuiteHrTests.CanadaTransferTests.TaxPages	73	Not Started
GlobalHr.SuiteGuiTests.SuiteFramework.SuiteSystemSettings.TestBusinessRulesIsSystemFlag	73	Not Started
GlobalHr.SuiteGuiTests.SuiteFramework.SuiteWindowManager.TestCloseChildBrowsers	73	Not Started
GlobalHr.SuiteGuiTests.SuiteFramework.SuiteUsGridView.SuiteSuperFinder.UserfinderFilters	73	Not Started
GlobalHr.SuiteGuiTests.SuiteHrTests.TransferTests.SuitePersonal.TestAddressState	73	Not Started
GlobalHr.SuiteGuiTests.SuiteHrTests.DeductionsTab.InfoNoStringsForUnSuppressedDedMssUsa	73	Not Started
GlobalHr.SuiteGuiTests.SuiteFramework.SuiteFilterSessionPersistance.TestPreserveFilter	73	Not Started
GlobalHr.SuiteGuiTests.SuiteBusRules.AwardsAndRecognition.CheckPageDefaults	74	Not Started
GlobalHr.SuiteGuiTests.SuiteBusRules.SuiteEarnings.TestEarningsAddAsSiteAdmin	75	Not Started
GlobalHr.SuiteGuiTests.SuiteHrTests.DeductionsTab.MyTeamMssDeducSummUsaSuppress	75	Not Started
GlobalHr.SuiteGuiTests.SuiteBusRules.SuiteDeductionBenefitGrps.TestDedGridDelete	75	Not Started
GlobalHr.SuiteGuiTests.SuiteGlobalTests.TestGloblProductKey.GloblPkAndNoSmcAccess	76	Not Started
GlobalHr.SuiteGuiTests.SuiteBusRules.SuiteVariablePay.TestCompmPk.UnregisteredPk.VarPayPlanOn	77	Not Started
GlobalHr.SuiteGuiTests.SuiteBusRules.SuiteVariablePay.TestCompmPk.UnregisteredPk.VarPayPlanOff	77	Not Started
GlobalHr.SuiteGuiTests.SuiteHrTests.CanadaTransferTests.SuiteDatesPage.TestPageUiEn	78	Not Started
GlobalHr.SuiteGuiTests.SuiteHrTests.JobTests.PayGroupHoursChange	78	Not Started
GlobalHr.SuiteGuiTests.SuiteHrTests.TransferTests.SuiteJobsPage.TestDefaultValues2	78	Not Started
GlobalHr.SuiteGuiTests.SuiteHrTests.TransferTests.SuiteEmpNoTimeclock.TestDuplicateEmpnoTimeclock2	79	Not Started
GlobalHr.SuiteGuiTests.SuiteFramework.SuiteUsToolbar.TestWfNotificationServerEvents	79	Not Started
GlobalHr.SuiteGuiTests.SuiteHrTests.DeductionsTab.EeAdminYtdSummaryUsaSuppressDed	79	Not Started
GlobalHr.SuiteGuiTests.SuiteBusRules.HireSource.VerifyPageDefaults	79	Not Started
GlobalHr.SuiteGuiTests.SuiteOtherTests.CodeFilterJobChangeSuite.ChangeJob	80	Not Started
GlobalHr.SuiteGuiTests.SuiteBusRules.SuiteSalaryDiff.TestDuplicateLocations	80	Not Started
GlobalHr.SuiteGuiTests.SuiteGlobalTests.SuiteGlobalFieldSizing.TestFieldSizingMySelf	81	Not Started
GlobalHr.SuiteGuiTests.SuiteHrTests.JobTests.SalaryPlanSuite.SalaryPlanningPercentChange	81	Not Started
GlobalHr.SuiteGuiTests.SuiteHrTests.JobTests.VariablePayHideForGlobalEmployees	82	Not Started
GlobalHr.SuiteGuiTests.SuiteGlobalTests.TestGloblProductKey.NoGloblPkAndNoSmcAccess	82	Not Started
GlobalHr.SuiteGuiTests.SuiteOtherTests.CodeFilterJobChangeSuite.ChangeJobAndSalary	83	Not Started
GlobalHr.SuiteGuiTests.SuiteGlobalTests.ModifyGlobalEmp	83	Not Started
GlobalHr.SuiteGuiTests.SuiteOtherTests.UnusedOrgLevels	83	Not Started
GlobalHr.SuiteGuiTests.SuiteHrTests.PersonalTab.MssAddressCountryChange	84	Not Started
GlobalHr.SuiteGuiTests.SuiteOtherTests.TestSavingUserPreferences	86	Not Started
GlobalHr.SuiteGuiTests.SuiteFramework.SuiteWindowManager.TestSessionEndOnExit	86	Not Started
GlobalHr.SuiteGuiTests.SuiteGlobalTests.TestGloblProductKey.RegisteredPk.MyselfMenu	87	Not Started
GlobalHr.SuiteGuiTests.SuiteHrTests.DeductionsTab.MyTeamYtdSummaryUsaSuppresDeduc	87	Not Started
GlobalHr.SuiteGuiTests.SuiteGlobalTests.TestGloblProductKey.UnregisteredPk.MyselfMenu	87	Not Started
GlobalHr.SuiteGuiTests.SuiteHrTests.ContactsTests.MssContactTestCountryDefaults	87	Not Started
GlobalHr.SuiteGuiTests.SuiteGlobalTests.TestGloblProductKey.GloblPkAndSmcAccess	88	Not Started
GlobalHr.SuiteGuiTests.SuiteHrTests.ContactsTests.MssChkAddressIfDifferentGlobal	89	Not Started
GlobalHr.SuiteGuiTests.SuiteHrTests.ContactsTests.MssChkAddressIfDifferent	89	Not Started
GlobalHr.SuiteGuiTests.SuiteGlobalTests.HireEditHeaders	89	Not Started
GlobalHr.SuiteGuiTests.SuiteOtherTests.SecuredDataLevel.SdlOrg4	89	Not Started
GlobalHr.SuiteGuiTests.SuiteHrTests.JobTests.SecondaryJobTicdLink	89	Not Started
GlobalHr.SuiteGuiTests.SuiteHrTests.TransferTests.SuiteJobsPage.TestDefaultValues1	89	Not Started
GlobalHr.SuiteGuiTests.SuiteOtherTests.SecuredDataLevel.SdlOrg3	90	Not Started
GlobalHr.SuiteGuiTests.SuiteHrTests.TransferTests.TestPtoPlans	90	Not Started
GlobalHr.SuiteGuiTests.SuiteHrTests.TransferTests.SuiteDatesPage.TestPageUiEn	90	Not Started
GlobalHr.SuiteGuiTests.SuiteHrTests.DeductionsTab.CodeDesOfRelationFieldsInDeductions	92	Not Started
GlobalHr.SuiteGuiTests.SuiteFramework.SuiteUsGridView.SuiteOutOfOffice.PagingAndUpdateTest	92	Not Started
GlobalHr.SuiteGuiTests.SuiteHrTests.JobTests.SalaryPlanSuite.SalaryPlanningScheduledHours	92	Not Started
GlobalHr.SuiteGuiTests.SuiteHrTests.JobTests.TimeInJobEssMss	93	Not Started
GlobalHr.SuiteGuiTests.SuiteHrTests.ContactsTests.EssChkAddressIfDifferentGlobal	94	Not Started
GlobalHr.SuiteGuiTests.SuiteWebFramework.TestToolbarBizProcessSecure	94	Not Started
GlobalHr.SuiteGuiTests.SuiteHrTests.ContactsTests.EssChkAddressIfDifferent	94	Not Started
GlobalHr.SuiteGuiTests.SuiteSettings.CompensationManagement.DbChecks	94	Not Started
GlobalHr.SuiteGuiTests.SuiteGlobalTests.TestGloblProductKey.UnregisteredPk.GlobalMss.JobsTab	95	Not Started
GlobalHr.SuiteGuiTests.SuiteBusRules.SuiteTerminationReasons.DelTermRsn	95	Not Started
GlobalHr.SuiteGuiTests.SuiteHrTests.DeductionsTab.UxImpactHr	95	Not Started
GlobalHr.SuiteGuiTests.SuiteHrTests.ContactsTests.EeadminChkAddressIfDifferent	95	Not Started
GlobalHr.SuiteGuiTests.SuiteGlobalTests.TestGloblProductKey.UnregisteredPk.GlobalEeadm.JobsTab	95	Not Started
GlobalHr.SuiteGuiTests.SuiteHrTests.ContactsTests.EeadminChkAddressIfDifferentGlobal	95	Not Started
GlobalHr.SuiteGuiTests.SuiteHrTests.TransferTests.TestStartPageUiFr	96	Not Started
GlobalHr.SuiteGuiTests.SuiteHrTests.TransferTests.TestStartPageUi	96	Not Started
GlobalHr.SuiteGuiTests.SuiteHrTests.TransferTests.TestStartPageUiEs	96	Not Started
GlobalHr.SuiteGuiTests.Google508Compliance.TabbingSequentiallyThroughtMenusTest	96	Not Started
GlobalHr.SuiteGuiTests.SuiteFramework.SuiteSystemSettings.TestFutureDating	96	Not Started
GlobalHr.SuiteGuiTests.SuiteHrTests.CanadaTransferTests.SuiteDatesPage.TestPageUiEs	97	Not Started
GlobalHr.SuiteGuiTests.SuiteHrTests.DeductionsTab.SuiteCalcRules.TestGarnNoJurisdOrPlan	97	Not Started
GlobalHr.SuiteGuiTests.SuiteHrTests.CanadaTransferTests.SuiteDatesPage.TestPageUiFr	98	Not Started
GlobalHr.SuiteGuiTests.SuiteBusRules.SuiteDeductionBenefitPlans.TestCalculationPageWithGlobalEmployee	101	Not Started
GlobalHr.SuiteGuiTests.SuiteWebFramework.MyEmployeesSearch	101	Not Started
GlobalHr.SuiteGuiTests.SuiteHrTests.JobTests.VariablePayJobHistory	102	Not Started
GlobalHr.SuiteGuiTests.SuiteBusRules.CompanyCodeFilteringShouldNotFilter	102	Not Started
GlobalHr.SuiteGuiTests.SuiteGlobalTests.TestGloblProductKey.RegisteredPk.GlobalEeadm.BenefitsTab	104	Not Started
GlobalHr.SuiteGuiTests.SuiteBusRules.SuiteSalaryDiff.Test13Locations	106	Not Started
GlobalHr.SuiteGuiTests.SuiteHrTests.HireTests.NewHire.UsTests.TestNewHireAlternateEmail	107	Not Started
GlobalHr.SuiteGuiTests.SuiteHrTests.ContactsTests.EssContactsOther	108	Not Started
GlobalHr.SuiteGuiTests.SuiteGlobalTests.CanGlobalCompNhWthDedNoOrigHireDate	108	Not Started
GlobalHr.SuiteGuiTests.SuiteOtherTests.NavBySearchChanges.EnglishTest	108	Not Started
GlobalHr.SuiteGuiTests.SuiteFramework.SuiteFilterCriteria.TestFindButtonEnabled	110	Not Started
GlobalHr.SuiteGuiTests.SuiteHrTests.TransferTests.SuitePersonal.TestPageReset	110	Not Started
GlobalHr.SuiteGuiTests.SuiteGlobalTests.TestGloblProductKey.RegisteredPk.GlobalMss.JobsTab	110	Not Started
GlobalHr.SuiteGuiTests.SuiteOtherTests.NavBySearchChanges.FrenchTest	110	Not Started
GlobalHr.SuiteGuiTests.SuiteOtherTests.NavBySearchChanges.SpanishTest	110	Not Started
GlobalHr.SuiteGuiTests.SuiteBusRules.SuiteEarningsGroup.ValidateNew	110	Not Started
GlobalHr.SuiteGuiTests.SuiteGlobalTests.TestGloblProductKey.RegisteredPk.GlobalEeadm.JobsTab	110	Not Started
GlobalHr.SuiteGuiTests.SuiteBusRules.SuiteSalaryDiff.TestCompmPk.TestProductKeyUpdaterScript	111	Not Started
GlobalHr.SuiteGuiTests.SuiteMssTests.TestHcsoMyTeamHcsoDateNotRequired	112	Not Started
GlobalHr.SuiteGuiTests.SuiteHrTests.CanadaTransferTests.SuiteTransferSave.TestRequiredFieldsSave01	112	Not Started
GlobalHr.SuiteGuiTests.SuiteHrTests.PersonalTab.EthnicityCan	112	Not Started
GlobalHr.SuiteGuiTests.SuiteReports.CurrencyByCode	113	Not Started
GlobalHr.SuiteGuiTests.SuiteBusRules.SuiteUserDefinedFields.TestViewDetails	113	Not Started
GlobalHr.SuiteGuiTests.SuiteHrTests.TransferTests.SuitePersonal.TestPageNavigation	114	Not Started
GlobalHr.SuiteGuiTests.SuiteHrTests.TransferTests.SuiteDatesPage.TestPageUiFr	115	Not Started
GlobalHr.SuiteGuiTests.SuiteGlobalTests.GlobalEmployeeEditNameAddressTelephone	115	Not Started
GlobalHr.SuiteGuiTests.SuiteHrTests.TransferTests.SuiteDatesPage.TestPageUiEs	115	Not Started
GlobalHr.SuiteGuiTests.SuiteBusRules.SuiteSalaryDiff.TestCompmPk.RegisteredPk.SalDiffBusRule	116	Not Started
GlobalHr.SuiteGuiTests.SuiteBusRules.SuiteJobs.SuiteScenarioTests.SalaryGrade.TestUsa	117	Not Started
GlobalHr.SuiteGuiTests.SuiteGlobalTests.CanGlobalCompNhWthDedAndOrigHireDate	117	Not Started
GlobalHr.SuiteGuiTests.SuiteHrTests.TransferTests.SuiteEmpNoTimeclock.TestEmpnoMethods	118	Not Started
GlobalHr.SuiteGuiTests.SuiteGlobalTests.TestGloblProductKey.UnregisteredPk.GlobalMss.BenefitsTab	119	Not Started
GlobalHr.SuiteGuiTests.SuiteSettings.CompensationManagement.GuiChecksFr	120	Not Started
GlobalHr.SuiteGuiTests.SuiteHrTests.CanadianEmploymentEquityAct.RehireGlobalEmpWithWf	120	Not Started
GlobalHr.SuiteGuiTests.SuiteSettings.CompensationManagement.GuiChecksEs	120	Not Started
GlobalHr.SuiteGuiTests.SuiteSettings.CompensationManagement.GuiChecks	121	Not Started
GlobalHr.SuiteGuiTests.SuiteHrTests.DeductionsTab.MyTeamPayHistoryUsaSuppressDed	121	Not Started
GlobalHr.SuiteGuiTests.SuiteMssTests.TestHcsoMyTeamHcsoEndDate	122	Not Started
GlobalHr.SuiteGuiTests.SuiteHrTests.TransferTests.SuiteJobsPage.TestCodeFilteringRolesBased	123	Not Started
GlobalHr.SuiteGuiTests.SuiteGlobalTests.TestGloblProductKey.UnregisteredPk.GlobalEeadm.BenefitsTab	124	Not Started
GlobalHr.SuiteGuiTests.SuiteHrTests.HireTests.NewHire.UsTests.NewHireHomePhoneIsPrivate	124	Not Started
GlobalHr.SuiteGuiTests.SuiteHrTests.JobTests.SuitePositionManagement.SuiteChangeOrganization.TestProject	125	Not Started
GlobalHr.SuiteGuiTests.SuiteGlobalTests.TestGloblProductKey.RegisteredPk.GlobalMss.BenefitsTab	125	Not Started
GlobalHr.SuiteGuiTests.SuiteBusRules.SuiteSalaryDiff.TestCompmPk.UnregisteredPk.SalDiffBusRule	125	Not Started
GlobalHr.SuiteGuiTests.SuiteBusRules.SuiteSalaryDiff.SalaryDiffSetting	128	Not Started
GlobalHr.SuiteGuiTests.SuiteBusRules.SuiteJobs.SuiteScenarioTests.SalaryGrade.TestGlobal	128	Not Started
GlobalHr.SuiteGuiTests.SuiteFramework.SuiteUsGridView.SuiteMyEmployees.TestSiteAdminPaging	128	Not Started
GlobalHr.SuiteGuiTests.SuiteGlobalTests.GlobalNewHireFrench	129	Not Started
GlobalHr.SuiteGuiTests.SuiteBusRules.SuiteCountries.PrefLangEs	130	Not Started
GlobalHr.SuiteGuiTests.SuiteSettings.CompensationManagement.FeatureActivationTogglingChecks	130	Not Started
GlobalHr.SuiteGuiTests.SuiteHrTests.DeductionsTab.MyselfEssPayHistoryUsaSuppressDed	131	Not Started
GlobalHr.SuiteGuiTests.SuiteBusRules.SuiteJobs.DeleteJob	132	Not Started
GlobalHr.SuiteGuiTests.SuiteHrTests.TransferTests.SuitePersonal.TestPersonalGui	132	Not Started
GlobalHr.SuiteGuiTests.SuiteBusRules.SuiteJobs.SalariesFieldCheckEdit	133	Not Started
GlobalHr.SuiteGuiTests.SuiteBusRules.SuiteDeductionBenefitGrps.TestDedWaitPer	133	Not Started
GlobalHr.SuiteGuiTests.SuiteHrTests.JobTests.JobsPieceRateEdit	133	Not Started
GlobalHr.SuiteGuiTests.SuiteGlobalTests.GlobalAddressCountryChange	135	Not Started
GlobalHr.SuiteGuiTests.SuiteHrTests.DeductionsTab.EeAdminPayHistoryUsaSuppressDed	135	Not Started
GlobalHr.SuiteGuiTests.SuiteHrTests.HireTests.ReHire.ResidentialStateField	136	Not Started
GlobalHr.SuiteGuiTests.SuiteHrTests.SuitePayScales.ReHireSalRvwDate1.ScenarioSix	136	Not Started
GlobalHr.SuiteGuiTests.SuiteBusRules.SuiteSalaryDiff.Test11LocTransfer	136	Not Started
GlobalHr.SuiteGuiTests.SuiteBusRules.SuiteDeductionBenefitPlans.Test01FieldsDisplayHidden	137	Not Started
GlobalHr.SuiteGuiTests.SuiteBusRules.SuiteJobs.SuiteScenarioTests.SalaryGrade.TestCanada	137	Not Started
GlobalHr.SuiteGuiTests.SuiteHrTests.DeductionsTab.SuiteCalcRules.TestCr32OpcNoContactErrDependAge	139	Not Started
GlobalHr.SuiteGuiTests.SuiteHrTests.CanadianEmploymentEquityAct.NhGlobalEmpWithWf	141	Not Started
GlobalHr.SuiteGuiTests.SuiteGlobalTests.GlobalNewHireEnglish	141	Not Started
GlobalHr.SuiteGuiTests.SuiteBusRules.SuiteSalGrades.TestSalGradesFuncPage	142	Not Started
GlobalHr.SuiteGuiTests.SuiteFramework.SuiteSystemSettings.TestPayDocuments	144	Not Started
GlobalHr.SuiteGuiTests.SuiteHrTests.TransferTests.SuiteJobsPage.TestCodeFilteringCompanyBased	144	Not Started
GlobalHr.SuiteGuiTests.SuiteGlobalTests.SuiteCurrencyConversion.TestMyTeamCompensationPageValues	144	Not Started
GlobalHr.SuiteGuiTests.SuiteOtherTests.CodeFilterJobChangeSuite.CoTransfer	148	Not Started
GlobalHr.SuiteGuiTests.SuiteHrTests.HireTests.NewHire.UsTests.NewHireOrgLevelSummaryView.NewHireOrgLevelSummaryView01	148	Not Started
GlobalHr.SuiteGuiTests.SuiteHrTests.ContactsTests.DeleteContactWithBenDed	149	Not Started
GlobalHr.SuiteGuiTests.SuiteGlobalTests.SuiteCurrencyConversion.TestMyEmployeesJobsCompensationPageValues	150	Not Started
GlobalHr.SuiteGuiTests.SuiteHrTests.JobTests.OtherCompanyInformation.EssViewableFlags	151	Not Started
GlobalHr.SuiteGuiTests.SuiteBusRules.SuiteJobs.MultWorkCompPgLoadAdd	151	Not Started
GlobalHr.SuiteGuiTests.SuiteFramework.SuiteUsGridView.SuiteMyEmployees.FiltersWorkflow	152	Not Started
GlobalHr.SuiteGuiTests.SuiteBusRules.SuiteVariablePay.TestVariablePayCompMastFlag	152	Not Started
GlobalHr.SuiteGuiTests.SuiteBusRules.SuiteEarningsCodes.TestEditUsaEarningsHcso	153	Not Started
GlobalHr.SuiteGuiTests.SuiteHrTests.PersonalTab.I9DocumentApicklist	153	Not Started
GlobalHr.SuiteGuiTests.SuiteHrTests.JobTests.OtherCompanyInformation.EssCountriesFlag	154	Not Started
GlobalHr.SuiteGuiTests.SuiteBusRules.SuiteLaborUnions.TestRequiredFieldsAndUniqueCode	154	Not Started
GlobalHr.SuiteGuiTests.SuiteBusRules.SuiteEarningsCodes.TestEditEarningDedOffSet	154	Not Started
GlobalHr.SuiteGuiTests.SuiteHrTests.HireTests.NewHire.UsTests.NewHireOrgLevelSummaryView.NewHireOrgLevelSummaryView02	154	Not Started
GlobalHr.SuiteGuiTests.SuiteBusRules.AwardsAndRecognition.AwardPageFunc	154	Not Started
GlobalHr.SuiteGuiTests.SuiteHrTests.HireTests.NewHire.UsTests.NewHireOrgLevelSummaryView.NewHireOrgLevelSummaryView04	155	Not Started
GlobalHr.SuiteGuiTests.SuiteHrTests.SuitePayScales.ReHireSalRvwDate1.ScenarioTwo	156	Not Started
GlobalHr.SuiteGuiTests.SuiteHrTests.HireTests.NewHire.UsTests.NewHireOrgLevelSummaryView.NewHireOrgLevelSummaryView05	157	Not Started
GlobalHr.SuiteGuiTests.SuiteHrTests.HireTests.NewHire.ResidentialStateField	158	Not Started
GlobalHr.SuiteGuiTests.SuiteBusRules.SuiteEarningsCodes.TestEditCanEarnHcso	159	Not Started
GlobalHr.SuiteGuiTests.SuiteBusRules.SuiteTerminationReasons.EditTermRsn	159	Not Started
GlobalHr.SuiteGuiTests.SuiteMssTests.TestHcsoMyTeamHcsoCheckBoxAndDateFields	159	Not Started
GlobalHr.SuiteGuiTests.SuiteBusRules.SuiteSalaryDiff.Test06SalaryDiffEditFunctions	159	Not Started
GlobalHr.SuiteGuiTests.SuiteGlobalTests.GlobalNewHireSpanish	160	Not Started
GlobalHr.SuiteGuiTests.SuiteMssTests.TestHcsoMyTeamCanadaAndUsaUser	162	Not Started
GlobalHr.SuiteGuiTests.SuiteHrTests.DeductionsTab.NotesFieldForDeductions	162	Not Started
GlobalHr.SuiteGuiTests.SuiteHrTests.HireTests.NewHire.UsTests.NewHireOrgLevelSummaryView.NewHireOrgLevelSummaryView03	163	Not Started
GlobalHr.SuiteGuiTests.SuiteHrTests.PersonalTab.EssSumPropDate	165	Not Started
GlobalHr.SuiteGuiTests.SuiteHrTests.TerminationTests.TerminationCobraEvent	167	Not Started
GlobalHr.SuiteGuiTests.SuiteEeadmTests.TestRestoredCaspPages	168	Not Started
GlobalHr.SuiteGuiTests.SuiteGlobalTests.DeductionHistoryAccess	168	Not Started
GlobalHr.SuiteGuiTests.SuiteOtherTests.NewYorkNewHireReportView	169	Not Started
GlobalHr.SuiteGuiTests.SuiteHrTests.TransferTests.ResidentialStateField	172	Not Started
GlobalHr.SuiteGuiTests.SuiteBusRules.SuiteJobs.LicAndCertPgLoadAdd	172	Not Started
GlobalHr.SuiteGuiTests.SuiteHrTests.DeductionsTab.EligibilityDateTests	173	Not Started
GlobalHr.SuiteGuiTests.SuiteBusRules.SuiteJobs.MainFieldCheckEdit	174	Not Started
GlobalHr.SuiteGuiTests.SuiteHrTests.SuitePayScales.ReHireSalRvwDate2	174	Not Started
GlobalHr.SuiteGuiTests.SuiteBusRules.SuiteJobs.JobDetailsFieldCheckAdd	175	Not Started
GlobalHr.SuiteGuiTests.SuiteBusRules.SuiteJobs.JobDetailsFieldCheckAddFlagsSetToY	175	Not Started
GlobalHr.SuiteGuiTests.SuiteBusRules.SuiteCurrencyConversion.CurrencyConversionSave	176	Not Started
GlobalHr.SuiteGuiTests.SuiteGlobalTests.SuiteGlobalFieldSizing.TestGlobalFieldAlphaChars	176	Not Started
GlobalHr.SuiteGuiTests.SuiteGlobalTests.SuiteCurrencyConversion.TestMyTeamCompensationPageEnglish	176	Not Started
GlobalHr.SuiteGuiTests.SuiteHrTests.HireTests.ReHire.UsTests.RehireCheckMessagesStartPage	176	Not Started
GlobalHr.SuiteGuiTests.SuitePayrollTests.EarningsTab.ChangeEarningGroupWf	177	Not Started
GlobalHr.SuiteGuiTests.SuiteHrTests.CanadianEmploymentEquityAct.TransferUsEmpWithWf	180	Not Started
GlobalHr.SuiteGuiTests.SuiteBusRules.SuiteJobs.JobDetailsFieldCheckAddFlagsSetToN	181	Not Started
GlobalHr.SuiteGuiTests.SuiteBusRules.SuiteEarnings.TestAddDuplicateEarnCodeOnFutureEffDate	181	Not Started
GlobalHr.SuiteGuiTests.SuiteBusRules.SuiteJobs.EducPgLoadAdd	181	Not Started
GlobalHr.SuiteGuiTests.SuiteGlobalTests.SuiteCurrencyConversion.TestMyTeamCompensationPageSpanish	182	Not Started
GlobalHr.SuiteGuiTests.SuiteHrTests.CanadianEmploymentEquityAct.TransferCanEmpWithWf	183	Not Started
GlobalHr.SuiteGuiTests.SuiteGlobalTests.SuiteCurrencyConversion.TestMyTeamCompensationPageFrench	183	Not Started
GlobalHr.SuiteGuiTests.SuiteGlobalTests.SuiteGlobalFieldSizing.TestGlobalFieldSpecialChars	185	Not Started
GlobalHr.SuiteGuiTests.SuiteBusRules.SuiteJobs.JobDetailsFieldsCheckEditFlagSetToY	185	Not Started
GlobalHr.SuiteGuiTests.SuiteHrTests.JobTests.JobHistoryDetailSalaryFrom	188	Not Started
GlobalHr.SuiteGuiTests.SuiteBusRules.SuiteJobs.JobDetailsFieldsCheckEditFlagSetToN	190	Not Started
GlobalHr.SuiteGuiTests.SuiteHrTests.SuitePayScales.ReHireSalRvwDate1.ScenarioEight	190	Not Started
GlobalHr.SuiteGuiTests.SuiteBusRules.SuiteCurrencyConversion.NewBusinessRulePkAndFlagCheck	192	Not Started
GlobalHr.SuiteGuiTests.SuiteHrTests.HireTests.ReHire.UsTests.RehireNoDupWorkLoc	192	Not Started
GlobalHr.SuiteGuiTests.SuiteHrTests.JobTests.WorkersCompUsWf	192	Not Started
GlobalHr.SuiteGuiTests.SuiteHrTests.JobTests.TestFutureDateSalChg	192	Not Started
GlobalHr.SuiteGuiTests.SuiteGlobalTests.SuiteCurrencyConversion.TestMyEmployeesJobsCompensationPageEnglish	192	Not Started
GlobalHr.SuiteGuiTests.SuiteBusRules.SuiteEarningsCodes.TestAddUsaEarnHcsoNo	193	Not Started
GlobalHr.SuiteGuiTests.SuiteHrTests.ContactsTests.ContactsImportIdSuite.ContactsImportIdCan	195	Not Started
GlobalHr.SuiteGuiTests.SuiteBusRules.SuiteEarningsCodes.TestAddEarningDedOffset	195	Not Started
GlobalHr.SuiteGuiTests.SuiteBusRules.SuiteEarningsCodes.TestAddUsaEarningsHcso	196	Not Started
GlobalHr.SuiteGuiTests.SuiteGlobalTests.SuiteCurrencyConversion.TestMyEmployeesJobsCompensationPageFrench	198	Not Started
GlobalHr.SuiteGuiTests.SuiteGlobalTests.SuiteCurrencyConversion.TestMyEmployeesJobsCompensationPageSpanish	198	Not Started
GlobalHr.SuiteGuiTests.SuiteBusRules.SuiteEarningsCodes.TestAddCanEarningsHcso	198	Not Started
GlobalHr.SuiteGuiTests.SuiteHrTests.JobTests.ChangeJobTermReasons	199	Not Started
GlobalHr.SuiteGuiTests.SuiteHrTests.TerminationTests.TerminationCaWf	202	Not Started
GlobalHr.SuiteGuiTests.SuiteBusRules.SuiteJobs.SaveNewJobUsaSalSalGradeN	202	Not Started
GlobalHr.SuiteGuiTests.SuiteHrTests.DeductionsTab.SuiteCalcRules.TestCr32cOpsDepAgeGrade	203	Not Started
GlobalHr.SuiteGuiTests.SuiteHrTests.ContactsTests.MssContact	204	Not Started
GlobalHr.SuiteGuiTests.SuiteHrTests.JobTests.JobAllocationsEdit	204	Not Started
GlobalHr.SuiteGuiTests.SuiteBusRules.SuiteDeductionBenefitGrps.TestDdctnBnftsGrpsEdit	205	Not Started
GlobalHr.SuiteGuiTests.SuiteBusRules.SuiteJobs.SaveNewJobCanSalSalGradeN	209	Not Started
GlobalHr.SuiteGuiTests.SuiteBusRules.SuiteUserDefinedFields.TestEditSave	213	Not Started
GlobalHr.SuiteGuiTests.SuiteBusRules.SuiteJobs.SaveNewJobGlobalHouPayScaleY	215	Not Started
GlobalHr.SuiteGuiTests.SuiteGlobalTests.SuitInternationalCompany.TestCanadaProductKey	215	Not Started
GlobalHr.SuiteGuiTests.SuiteBusRules.SuiteCurrencyConversion.CurrencyConversionDeleteFromSummary	215	Not Started
GlobalHr.SuiteGuiTests.SuiteHrTests.DeductionsTab.SuiteCalcRules.TestCr31GtlBenAmtAnnual	219	Not Started
GlobalHr.SuiteGuiTests.SuiteGlobalTests.SuiteGlobalFieldSizing.TestGlobalFieldNumChars	220	Not Started
GlobalHr.SuiteGuiTests.SuiteBusRules.SuiteEarnings.TestEarningsAdd	220	Not Started
GlobalHr.SuiteGuiTests.SuiteBusRules.SuiteJobs.SaveNewJobUsaSalSalGradeY	222	Not Started
GlobalHr.SuiteGuiTests.SuiteHrTests.TerminationTests.TerminationJanTest	222	Not Started
GlobalHr.SuiteGuiTests.SuiteBusRules.SuiteJobs.SaveNewJobCanHouPayScaleY	223	Not Started
GlobalHr.SuiteGuiTests.SuiteBusRules.SuiteEarnings.TestEarningsEditDetailsPage	224	Not Started
GlobalHr.SuiteGuiTests.SuiteHrTests.CanadianEmploymentEquityAct.NhUsEmpWithWf	224	Not Started
GlobalHr.SuiteGuiTests.SuiteOtherTests.CodeFilterJobChangeSuite.ReHire	228	Not Started
GlobalHr.SuiteGuiTests.SuiteGlobalTests.StateProvince	233	Not Started
GlobalHr.SuiteGuiTests.SuitePayrollTests.EarningsTab.EarningAddWf	234	Not Started
GlobalHr.SuiteGuiTests.SuiteHrTests.JobTests.VariablePayTabEssView	238	Not Started
GlobalHr.SuiteGuiTests.SuiteHrTests.PersonalTab.ChgNationalIdSsn	238	Not Started
GlobalHr.SuiteGuiTests.SuiteGlobalTests.GlobalMssAddChangePhone	239	Not Started
GlobalHr.SuiteGuiTests.SuiteBusRules.SuiteJobs.SaveFromPage2	239	Not Started
GlobalHr.SuiteGuiTests.SuiteHrTests.JobTests.SecondaryJobsPieceRates	243	Not Started
GlobalHr.SuiteGuiTests.SuiteHrTests.CanadianEmploymentEquityAct.RehireCanEmpWithWf	243	Not Started
GlobalHr.SuiteGuiTests.SuiteOtherTests.CodeFiltersJobHistoryPage	248	Not Started
GlobalHr.SuiteGuiTests.SuiteHrTests.PersonalTab.EssPrivateInfoCan	249	Not Started
GlobalHr.SuiteGuiTests.SuiteBusRules.SuiteJobs.EditJobCodeValidationCan	250	Not Started
GlobalHr.SuiteGuiTests.SuiteBusRules.SuiteJobs.EditValidationCan	250	Not Started
GlobalHr.SuiteGuiTests.SuiteGlobalTests.TestGloblProductKey.RegisteredPk.GlobalMss.PersonalTab	251	Not Started
GlobalHr.SuiteGuiTests.SuiteBusRules.SuiteJobs.MainFieldCheckAdd	253	Not Started
GlobalHr.SuiteGuiTests.SuiteHrTests.HireTests.NewHire.UsTests.TestOrgLvl	253	Not Started
GlobalHr.SuiteGuiTests.SuiteHrTests.JobTests.SuiteSalaryGradeInfo.TestNewHire	254	Not Started
GlobalHr.SuiteGuiTests.SuiteGlobalTests.GlobalEditEmployeeConvertedCurrencies	254	Not Started
GlobalHr.SuiteGuiTests.SuiteOtherTests.CodeFiltersCanUsa	255	Not Started
GlobalHr.SuiteGuiTests.SuiteBusRules.SuiteJobs.SaveFromPage3	255	Not Started
GlobalHr.SuiteGuiTests.SuiteOtherTests.CodeFilterJobChangeSuite.NewHire	256	Not Started
GlobalHr.SuiteGuiTests.SuiteHrTests.JobTests.VariablePayEeadmSaveWithWorkflow	256	Not Started
GlobalHr.SuiteGuiTests.SuiteHrTests.JobTests.VariablePayMssSaveWithWorkflow	256	Not Started
GlobalHr.SuiteGuiTests.SuiteHrTests.DeductionsTab.DoctorTests	259	Not Started
GlobalHr.SuiteGuiTests.SuiteHrTests.DeductionsTab.SuiteCalcRules.TestCr30AddWeekPayPctArreals	261	Not Started
GlobalHr.SuiteGuiTests.SuiteHrTests.CanadianEmploymentEquityAct.NhCanEmpWithWf	262	Not Started
GlobalHr.SuiteGuiTests.SuiteHrTests.HireTests.NewHire.UsTests.NewHireWalkthrough	264	Not Started
GlobalHr.SuiteGuiTests.SuiteHrTests.JobTests.OtherCompanyInformation.MssViewableFlags	264	Not Started
GlobalHr.SuiteGuiTests.SuiteFramework.SuiteMisc.SecuredUrl	265	Not Started
GlobalHr.SuiteGuiTests.SuiteSettings.CountriesDbCheck	266	Not Started
GlobalHr.SuiteGuiTests.SuiteHrTests.CanadianEmploymentEquityAct.PrivateInfoUsEmpWithWf	268	Not Started
GlobalHr.SuiteGuiTests.SuiteGlobalTests.SuiteCurrencyConversion.TestEmpAdminCompensationPage	272	Not Started
GlobalHr.SuiteGuiTests.SuiteGlobalTests.TestGloblProductKey.RegisteredPk.GlobalEeadm.PersonalTab	272	Not Started
GlobalHr.SuiteGuiTests.SuiteHrTests.JobTests.OtherCompanyInformation.EeadminViewableFlags	274	Not Started
GlobalHr.SuiteGuiTests.SuiteHrTests.JobTests.SalaryReviewWizOtherRates	274	Not Started
GlobalHr.SuiteGuiTests.SuiteBusRules.SuiteJobs.SalariesAndRatesEdits	274	Not Started
GlobalHr.SuiteGuiTests.SuiteBusRules.SuiteJobs.SaveFromPage4	275	Not Started
GlobalHr.SuiteGuiTests.SuiteGlobalTests.TestGloblProductKey.UnregisteredPk.GlobalMss.PersonalTab	278	Not Started
GlobalHr.SuiteGuiTests.SuiteGlobalTests.TestGloblProductKey.UnregisteredPk.GlobalEeadm.PersonalTab	278	Not Started
GlobalHr.SuiteGuiTests.SuiteHrTests.JobTests.HourSalFieldTestPosMgt	282	Not Started
GlobalHr.SuiteGuiTests.SuiteBusRules.SuiteJobs.SalariesFieldCheckAdd	283	Not Started
GlobalHr.SuiteGuiTests.SuiteBusRules.SuiteCurrencyConversion.CurrencyConversionDetailGrid	285	Not Started
GlobalHr.SuiteGuiTests.SuiteBusRules.SuiteJobs.SaveFromPageWc	288	Not Started
GlobalHr.SuiteGuiTests.SuiteHrTests.CanadianEmploymentEquityAct.RehireUsEmpWithWf	290	Not Started
GlobalHr.SuiteGuiTests.SuiteBusRules.SuiteJobs.MainFieldEdits	294	Not Started
GlobalHr.SuiteGuiTests.SuiteGlobalTests.SuiteCurrencyConversion.TestMyTeamJobCompensationPage	296	Not Started
GlobalHr.SuiteGuiTests.SuiteHrTests.HireTests.NewHire.UsTests.NewHireNextReviewDatesDefault	297	Not Started
GlobalHr.SuiteGuiTests.SuiteBusRules.SuiteJobs.SaveFromPage5	299	Not Started
GlobalHr.SuiteGuiTests.SuiteHrTests.DeductionsTab.AddDeductionSysAdminCanDed	301	Not Started
GlobalHr.SuiteGuiTests.SuiteOtherTests.UsaSuppressSsn	304	Not Started
GlobalHr.SuiteGuiTests.SuiteBusRules.SuiteUserDefinedFields.HiddenUdFields	304	Not Started
GlobalHr.SuiteGuiTests.SuiteBusRules.SuiteJobs.AddValidationsCan	306	Not Started
GlobalHr.SuiteGuiTests.SuiteHrTests.JobTests.OrganizationContractDates	307	Not Started
GlobalHr.SuiteGuiTests.SuiteGlobalTests.AddEeAutoIncrementEmpNo	311	Not Started
GlobalHr.SuiteGuiTests.SuiteHrTests.ContactsTests.AddressIsDifferent.GlobalEmp	312	Not Started
GlobalHr.SuiteGuiTests.SuiteHrTests.JobTests.OtherCompanyInformation.MssCountriesFlag	313	Not Started
GlobalHr.SuiteGuiTests.SuiteBusRules.SuiteJobs.SaveNewJobCanSalSalGradeY	315	Not Started
GlobalHr.SuiteGuiTests.SuiteHrTests.PersonalTab.SalaryHourlyHireSourceFields	316	Not Started
GlobalHr.SuiteGuiTests.SuiteHrTests.CanadianEmploymentEquityAct.PrivateInfoCanEmpWithWf	317	Not Started
GlobalHr.SuiteGuiTests.SuiteHrTests.TransferTests.TestMaritalStatusChange	322	Not Started
GlobalHr.SuiteGuiTests.SuiteFramework.SuiteFilterCriteria.TestFilterWithSpecialChars	324	Not Started
GlobalHr.SuiteGuiTests.SuiteBusRules.SuiteJobs.SaveFromPage6	324	Not Started
GlobalHr.SuiteGuiTests.SuiteBusRules.SuiteSalaryDiff.Test05SalaryDiffAddFunctions	324	Not Started
GlobalHr.SuiteGuiTests.SuiteBusRules.SuiteCurrencyConversion.CurrencyConversionAddHistory	326	Not Started
GlobalHr.SuiteGuiTests.SuiteHrTests.DeductionsTab.SuiteCalcRules.TestDeductionCr16NothingChecked	327	Not Started
GlobalHr.SuiteGuiTests.SuiteHrTests.HireTests.ReHire.UsTests.ReHireCheckEmpNo	328	Not Started
GlobalHr.SuiteGuiTests.SuiteHrTests.PayTab.WageAttachmentPayees	329	Not Started
GlobalHr.SuiteGuiTests.SuiteHrTests.CanadianEmploymentEquityAct.PrefLangFrWithWf	332	Not Started
GlobalHr.SuiteGuiTests.SuiteHrTests.BenefitsTests.PtoRequestsWorkFlow	333	Not Started
GlobalHr.SuiteGuiTests.SuiteGlobalTests.SuiteCurrencyConversion.TestMyTeamCompensationPage	336	Not Started
GlobalHr.SuiteGuiTests.SuiteFramework.SuiteSystemSettings.TestPtoBenefitPlans	336	Not Started
GlobalHr.SuiteGuiTests.SuiteBusRules.SuiteShifts.TestShiftsPage	338	Not Started
GlobalHr.SuiteGuiTests.SuiteHrTests.JobTests.OrganizationTerm	340	Not Started
GlobalHr.SuiteGuiTests.SuiteHrTests.DeductionsTab.SuiteCalcRules.TestCr32StdAllowMultiNo	340	Not Started
GlobalHr.SuiteGuiTests.SuiteBusRules.SuiteTerminationReasons.AddTermRsn	344	Not Started
GlobalHr.SuiteGuiTests.SuiteHrTests.ContactsTests.MssContactCan	349	Not Started
GlobalHr.SuiteGuiTests.SuiteHrTests.DeductionsTab.SuiteDeductionGoalUpdate.DeductionGoalUpdateGui	352	Not Started
GlobalHr.SuiteGuiTests.SuiteHrTests.CareerAndEducationTests.TestTestEss	353	Not Started
GlobalHr.SuiteGuiTests.SuiteHrTests.DeductionsTab.SuiteCalcRules.TestDeductionCr14EeRateChecked	354	Not Started
GlobalHr.SuiteGuiTests.SuiteHrTests.SuitePayScales.SalRvwDateBasicAndSteps	355	Not Started
GlobalHr.SuiteGuiTests.SuiteBusRules.SuiteJobs.SaveFromPage7	357	Not Started
GlobalHr.SuiteGuiTests.SuiteBusRules.SuiteCurrencyConversion.CurrencyConversionAddPage	360	Not Started
GlobalHr.SuiteGuiTests.SuiteHrTests.CareerAndEducationTests.LicAndCertTestEss	361	Not Started
GlobalHr.SuiteGuiTests.SuiteHrTests.ContactsTests.EssContactCountyField	363	Not Started
GlobalHr.SuiteGuiTests.SuiteBusRules.SuiteCurrencyConversion.CurrencyConversionDeleteHistory	370	Not Started
GlobalHr.SuiteGuiTests.SuiteBusRules.SuiteJobs.SkillsPageAddMode	372	Not Started
GlobalHr.SuiteGuiTests.SuiteHrTests.SuitePayScales.SalRvwDateIncrementAndRevert	373	Not Started
GlobalHr.SuiteGuiTests.SuiteHrTests.PersonalTab.ContactsCountryPhone	375	Not Started
GlobalHr.SuiteGuiTests.SuiteHrTests.HireTests.NewHire.UsTests.TestFl	377	Not Started
GlobalHr.SuiteGuiTests.SuiteHrTests.PersonalTab.ChgNationalIdSin	379	Not Started
GlobalHr.SuiteGuiTests.SuiteHrTests.ContactsTests.ContactsCountryPhone	379	Not Started
GlobalHr.SuiteGuiTests.SuiteBusRules.SuiteDeductionBenefitGrps.TestDedMisc	381	Not Started
GlobalHr.SuiteGuiTests.SuiteFramework.SuiteUsGridView.SuiteInbox.FiltersWorkflow	383	Not Started
GlobalHr.SuiteGuiTests.SuiteHrTests.DeductionsTab.SuiteCalcRules.TestDeductionCr11EeRuleChecked	397	Not Started
GlobalHr.SuiteGuiTests.SuiteBusRules.SuiteCurrencyConversion.CurrencyConversionModifyHistory	398	Not Started
GlobalHr.SuiteGuiTests.SuiteBusRules.SuiteDeductionBenefitGrps.TestDdctnBnftsGrpsFunc	398	Not Started
GlobalHr.SuiteGuiTests.SuiteHrTests.BenefitsTests.PtoPlans	400	Not Started
GlobalHr.SuiteGuiTests.SuiteHrTests.DeductionsTab.DedDepIsCoveredCan	401	Not Started
GlobalHr.SuiteGuiTests.SuiteGlobalTests.GlobalPersonalOther	401	Not Started
GlobalHr.SuiteGuiTests.SuiteBusRules.SuiteJobs.EssentialFieldCheckValidation	402	Not Started
GlobalHr.SuiteGuiTests.SuiteHrTests.ContactsTests.AddressIsDifferent.NonGlobalEmp	407	Not Started
GlobalHr.SuiteGuiTests.SuiteHrTests.HireTests.NewHire.UsTests.NewHireUsDistCtrOtherRates	410	Not Started
GlobalHr.SuiteGuiTests.SuiteHrTests.JobTests.SuspendAndResumeSuite.SusAndResPart3	412	Not Started
GlobalHr.SuiteGuiTests.SuiteHrTests.PersonalTab.MssOther	412	Not Started
GlobalHr.SuiteGuiTests.SuiteHrTests.JobTests.SalaryPlanSuite.SalaryPlanningRateChange	413	Not Started
GlobalHr.SuiteGuiTests.SuiteOtherTests.CodeFiltersTest	414	Not Started
GlobalHr.SuiteGuiTests.SuiteHrTests.HireTests.NewHire.UsTests.TestWorkinAzResidentNj	419	Not Started
GlobalHr.SuiteGuiTests.SuiteHrTests.TerminationTests.FutureDatedDeductions	420	Not Started
GlobalHr.SuiteGuiTests.SuiteHrTests.PersonalTab.ChngEeoInineEaAdminWf	427	Not Started
GlobalHr.SuiteGuiTests.SuiteBusRules.SuiteCountries.TestViewDetails	430	Not Started
GlobalHr.SuiteGuiTests.SuiteHrTests.PersonalTab.EssPrivateInfo	435	Not Started
GlobalHr.SuiteGuiTests.SuiteHrTests.HireTests.NewHire.UsTests.TestAlOnlyNonResWorkinTax	439	Not Started
GlobalHr.SuiteGuiTests.SuiteHrTests.PersonalTab.OtherPersonalInformation.TestEepEin	439	Not Started
GlobalHr.SuiteGuiTests.SuiteHrTests.HireTests.NewHire.UsTests.TestWorkinFlResidentAz	448	Not Started
GlobalHr.SuiteGuiTests.SuiteHrTests.PersonalTab.MssPrivateInfoVetArmedForces	454	Not Started
GlobalHr.SuiteGuiTests.SuiteBusRules.SuiteJobs.EditJobNavigtionButtons	460	Not Started
GlobalHr.SuiteGuiTests.SuiteHrTests.CareerAndEducationTests.EducationTestEss	464	Not Started
GlobalHr.SuiteGuiTests.SuiteHrTests.CareerAndEducationTests.PrevEmpTestEss	467	Not Started
GlobalHr.SuiteGuiTests.SuiteBusRules.SuiteJobs.CompetenciesPageFlagSetTo4	467	Not Started
GlobalHr.SuiteGuiTests.SuiteHrTests.HireTests.NewHire.UsTests.TestCtLoginSiteAdmin	467	Not Started
GlobalHr.SuiteGuiTests.SuiteSettings.CurrencyDbCheck	473	Not Started
GlobalHr.SuiteGuiTests.SuiteHrTests.PersonalTab.ContactsImportIdSuite.ContactsImportIdGlobal	474	Not Started
GlobalHr.SuiteGuiTests.SuiteGlobalTests.AddEditOnlyRequiredFieldSa	480	Not Started
GlobalHr.SuiteGuiTests.SuiteHrTests.JobTests.OtherCompanyInformation.EeadminWorkflowHiddenFieldsSave	481	Not Started
GlobalHr.SuiteGuiTests.SuiteHrTests.JobTests.JobsOtherTab	484	Not Started
GlobalHr.SuiteGuiTests.SuiteHrTests.PersonalTab.ContactsImportIdSuite.ContactsImportIdCan	489	Not Started
GlobalHr.SuiteGuiTests.SuiteHrTests.PersonalTab.ContactsImportIdSuite.ContactsImportIdUs	492	Not Started
GlobalHr.SuiteGuiTests.SuiteHrTests.JobTests.SuspendAndResumeSuite.SusAndResPart4	495	Not Started
GlobalHr.SuiteGuiTests.SuiteHrTests.DeductionsTab.SuiteCalcRules.TestFlexCreditCashoutPayTxCatCr20	498	Not Started
GlobalHr.SuiteGuiTests.SuiteHrTests.HireTests.ReHire.CanTests.RehireCanOntWorkBcDiffComp	498	Not Started
GlobalHr.SuiteGuiTests.SuiteBusRules.SuiteJobs.EditJobFeature	500	Not Started
GlobalHr.SuiteGuiTests.SuiteHrTests.HireTests.NewHire.UsTests.TestWorkinInResidentLa	500	Not Started
GlobalHr.SuiteGuiTests.SuiteHrTests.JobTests.OtherCompanyInformation.EeadminWorkflowSave	501	Not Started
GlobalHr.SuiteGuiTests.SuiteHrTests.HireTests.NewHire.CanTests.CanadaNhValidationsQue	503	Not Started
GlobalHr.SuiteGuiTests.SuiteHrTests.JobTests.OtherCompanyInformation.MssSaveAllFields	508	Not Started
GlobalHr.SuiteGuiTests.SuiteHrTests.PersonalTab.OtherPersonalInformation.EeadminWorkflowHiddenFieldsSave	516	Not Started
GlobalHr.SuiteGuiTests.SuiteHrTests.HireTests.NewHire.UsTests.TestPaAlleghenyNonResWorkinTaxOccWcOth	527	Not Started
GlobalHr.SuiteGuiTests.SuiteHrTests.PersonalTab.OtherPersonalInformation.EeadminIntlWorkflowSave	527	Not Started
GlobalHr.SuiteGuiTests.SuiteHrTests.JobTests.SalaryPlanSuite.SalaryPlanningComboHrPerRate	529	Not Started
GlobalHr.SuiteGuiTests.SuiteBusRules.SuiteJobs.SkillsPageEditMode	533	Not Started
GlobalHr.SuiteGuiTests.SuiteHrTests.HireTests.NewHire.UsTests.TestPaOhNonResWorkinTaxOccWcOth	538	Not Started
GlobalHr.SuiteGuiTests.SuiteHrTests.HireTests.NewHire.UsTests.TestNjResWorkinTaxOccWcOth	550	Not Started
GlobalHr.SuiteGuiTests.SuiteHrTests.DeductionsTab.AddDeductionCanOther	554	Not Started
GlobalHr.SuiteGuiTests.SuiteHrTests.DeductionsTab.SuiteCalcRules.TestDeductionCr17EeAndErRuleChecked	563	Not Started
GlobalHr.SuiteGuiTests.SuiteHrTests.DeductionsTab.SuiteCalcRules.TestDeductionCalcRule13	565	Not Started
GlobalHr.SuiteGuiTests.SuiteHrTests.DeductionsTab.SuiteDeductionGoalUpdate.DeductionGoalUpdateFunc	566	Not Started
GlobalHr.SuiteGuiTests.SuiteHrTests.SuitePayScales.RehireUsPayScales3	573	Not Started
GlobalHr.SuiteGuiTests.SuiteHrTests.SuitePayScales.RehireUsPayScales4	579	Not Started
GlobalHr.SuiteGuiTests.SuiteHrTests.SuitePayScales.RehireUsPayScales1	580	Not Started
GlobalHr.SuiteGuiTests.SuiteHrTests.ContactsTests.ContactsImportIdSuite.ContactsImportIdGlobal	580	Not Started
GlobalHr.SuiteGuiTests.SuiteGlobalTests.SetupInternationalCompany.TestSetupIntCompany	584	Not Started
GlobalHr.SuiteGuiTests.SuiteHrTests.JobTests.SuspendAndResumeSuite.SusAndResPart2	588	Not Started
GlobalHr.SuiteGuiTests.SuiteHrTests.ContactsTests.ContactsImportIdSuite.ContactsImportIdUs	591	Not Started
GlobalHr.SuiteGuiTests.SuiteBusRules.SuiteJobs.SalariesandRatesTransitionsEditMode	598	Not Started
GlobalHr.SuiteGuiTests.SuiteBusRules.SuiteEarnings.TestEditMainPage	607	Not Started
GlobalHr.SuiteGuiTests.SuiteHrTests.JobTests.SecondaryJobWf	621	Not Started
GlobalHr.SuiteGuiTests.SuiteHrTests.JobTests.SalaryPlanSuite.SalaryPlanningAdditionalTestComboHrPerRate	623	Not Started
GlobalHr.SuiteGuiTests.SuiteHrTests.HireTests.ReHire.UsTests.UsReHireMultiLoc	624	Not Started
GlobalHr.SuiteGuiTests.SuiteGlobalTests.GlobalJobsMenusAndOther	633	Not Started
GlobalHr.SuiteGuiTests.SuiteHrTests.JobTests.SecondaryJobAdd	635	Not Started
GlobalHr.SuiteGuiTests.SuiteHrTests.HireTests.NewHire.UsTests.TestWv	643	Not Started
GlobalHr.SuiteGuiTests.SuiteHrTests.HireTests.NewHire.UsTests.NewHireImputedIncomeDed	644	Not Started
GlobalHr.SuiteGuiTests.SuiteHrTests.SuitePayScales.ReHireSalRvwDate1.ScenarioFour	645	Not Started
GlobalHr.SuiteGuiTests.SuiteGlobalTests.GlobalNewHireConvertedRates	646	Not Started
GlobalHr.SuiteGuiTests.SuiteHrTests.HireTests.NewHire.UsTests.TestNyWestchesterYonker	649	Not Started
GlobalHr.SuiteGuiTests.SuiteHrTests.JobTests.AllocationsTests	653	Not Started
GlobalHr.SuiteGuiTests.SuiteHrTests.DeductionsTab.SuiteCalcRules.TestDedPlanCalRule30OpcWbenamt	667	Not Started
GlobalHr.SuiteGuiTests.SuiteHrTests.HireTests.NewHire.UsTests.TestWorkinOrResidentCa	675	Not Started
GlobalHr.SuiteGuiTests.SuiteBusRules.SuiteSalaryDiff.TestCompmPk.UnregisteredPk.SalDiffSettingOn.NonPosManagement	691	Not Started
GlobalHr.SuiteGuiTests.SuiteBusRules.SuiteSalaryDiff.TestCompmPk.RegisteredPk.SalDiffSettingOn.PosManagement	701	Not Started
GlobalHr.SuiteGuiTests.SuiteHrTests.HireTests.NewHire.UsTests.TestWorkinPaResidentNy	701	Not Started
GlobalHr.SuiteGuiTests.SuiteBusRules.SuiteSalaryDiff.TestCompmPk.UnregisteredPk.SalDiffSettingOff.PosManagement	701	Not Started
GlobalHr.SuiteGuiTests.SuiteBusRules.SuiteSalaryDiff.TestCompmPk.RegisteredPk.SalDiffSettingOff.NonPosManagement	704	Not Started
GlobalHr.SuiteGuiTests.SuiteBusRules.SuiteSalaryDiff.TestCompmPk.UnregisteredPk.SalDiffSettingOn.PosManagement	705	Not Started
GlobalHr.SuiteGuiTests.SuiteBusRules.SuiteSalaryDiff.TestCompmPk.UnregisteredPk.SalDiffSettingOff.NonPosManagement	706	Not Started
GlobalHr.SuiteGuiTests.SuiteBusRules.SuiteSalaryDiff.TestCompmPk.RegisteredPk.SalDiffSettingOff.PosManagement	709	Not Started
GlobalHr.SuiteGuiTests.SuiteHrTests.HireTests.ReHire.UsTests.UsRehireFlSameComp	737	Not Started
GlobalHr.SuiteGuiTests.SuiteHrTests.HireTests.ReHire.UsTests.UsRehireAlOnlyNonResWorkinTaxSameComp	744	Not Started
GlobalHr.SuiteGuiTests.SuiteMssTests.TestTerminationIsAutoPaidFlag	766	Not Started
GlobalHr.SuiteGuiTests.SuiteBusRules.ProvidersAdminVendorsPayees	770	Not Started
GlobalHr.SuiteGuiTests.SuiteBusRules.SuiteSalaryDiff.TestCompmPk.RegisteredPk.SalDiffSettingOn.NonPosManagement	773	Not Started
GlobalHr.SuiteGuiTests.SuiteHrTests.JobTests.SalaryPlanSuite.SalaryPlanningComboPercentHours	783	Not Started
GlobalHr.SuiteGuiTests.SuiteHrTests.SuitePayScales.ReHireSalRvwDate1.ScenarioThree	793	Not Started
GlobalHr.SuiteGuiTests.SuiteHrTests.SuitePayScales.ReHireSalRvwDate1.ScenarioFive	816	Not Started
GlobalHr.SuiteGuiTests.SuiteHrTests.JobTests.ReviewsTest	840	Not Started
GlobalHr.SuiteGuiTests.SuiteHrTests.HireTests.NewHire.UsTests.TestWorkInCaResidentOr	842	Not Started
GlobalHr.SuiteGuiTests.SuiteHrTests.HireTests.ReHire.UsTests.UsRehireWvResidentOccSameComp	875	Not Started
GlobalHr.SuiteGuiTests.SuiteHrTests.DeductionsTab.DeductionGroupCaWf	883	Not Started
GlobalHr.SuiteGuiTests.SuiteHrTests.DeductionsTab.AddDeductionCanAgeGradedWf	900	Not Started
GlobalHr.SuiteGuiTests.SuiteHrTests.DeductionsTab.SuiteCalcRules.TestDeductionCr10EeAndErRateChecked	934	Not Started
GlobalHr.SuiteGuiTests.SuiteHrTests.HireTests.ReHire.UsTests.UsRehireKyOnlyResWorkinTax	958	Not Started
GlobalHr.SuiteGuiTests.SuiteHrTests.PersonalTab.ChangeStatusStatusHistWf	975	Not Started
GlobalHr.SuiteGuiTests.SuiteHrTests.HireTests.ReHire.UsTests.UsRehireWorkinAzResidentNjSameComp	1000	Not Started
GlobalHr.SuiteGuiTests.SuiteHrTests.HireTests.ReHire.UsTests.UsRehirePaOhNonResWorkinTaxOccWcOthSameComp	1006	Not Started
GlobalHr.SuiteGuiTests.SuiteHrTests.HireTests.ReHire.UsTests.UsRehireNyWestchesterYonkerSameComp	1027	Not Started
GlobalHr.SuiteGuiTests.SuiteHrTests.DeductionsTab.SuiteCalcRules.TestCr15cGtlBenAmtPeriodPayPct	1064	Not Started
GlobalHr.SuiteGuiTests.SuiteHrTests.DeductionsTab.DedWizBackButton	1087	Not Started
GlobalHr.SuiteGuiTests.SuiteHrTests.HireTests.ReHire.UsTests.UsRehireCaResidentOrWorkinTax	1103	Not Started
GlobalHr.SuiteGuiTests.SuiteHrTests.HireTests.ReHire.UsTests.UsRehireWorkinInResidentLa	1104	Not Started
GlobalHr.SuiteGuiTests.SuiteGlobalTests.SetupMultipleIntCos	1111	Not Started
GlobalHr.SuiteGuiTests.SuiteHrTests.SuitePayScales.NewHireUsPayScales2	1122	Not Started
GlobalHr.SuiteGuiTests.SuiteBusRules.SuiteJobs.SalariesandRatesTransitionsAddMode	1147	Not Started
GlobalHr.SuiteGuiTests.SuiteHrTests.JobTests.SalaryReviewWizMss10	1177	Not Started
GlobalHr.SuiteGuiTests.SuiteHrTests.DeductionsTab.TaxLevyFilingStatusKy	1191	Not Started
GlobalHr.SuiteGuiTests.SuiteHrTests.HireTests.NewHire.UsTests.NewHireUsReloadFrench	1200	Not Started
GlobalHr.SuiteGuiTests.SuiteHrTests.HireTests.ReHire.UsTests.UsRehirePaAllNonResWorkinTaxOccWcOth	1203	Not Started
GlobalHr.SuiteGuiTests.SuiteHrTests.DeductionsTab.DeductionGrpChg	1249	Not Started
GlobalHr.SuiteGuiTests.SuiteHrTests.HireTests.NewHire.UsTests.NewHireUsReload	1260	Not Started
GlobalHr.SuiteGuiTests.SuiteHrTests.HireTests.ReHire.UsTests.UsRehireOrResidentCaWorkinTax	1260	Not Started
GlobalHr.SuiteGuiTests.SuiteHrTests.HireTests.ReHire.UsTests.UsRehireNyResidentPaWorkinTax	1284	Not Started
GlobalHr.SuiteGuiTests.SuiteHrTests.HireTests.ReHire.UsTests.UsRehireNjResWorkinTaxOccWcOth	1410	Not Started
GlobalHr.SuiteGuiTests.SuiteHrTests.DeductionsTab.AddDeductionCanDenWf	1412	Not Started
GlobalHr.SuiteGuiTests.SuiteHrTests.JobTests.EditAndResubmit	1625	Not Started
GlobalHr.SuiteGuiTests.SuiteGlobalTests.AddEditEeMaxEmpNoMcan	1729	Not Started
GlobalHr.SuiteGuiTests.SuiteHrTests.JobTests.JobHistoryDeleteMss	1808	Not Started
GlobalHr.SuiteGuiTests.SuiteBusRules.SuiteJobs.SalariesEditPayScaleShiftGrid	1866	Not Started
GlobalHr.SuiteGuiTests.SuiteHrTests.JobTests.SecondaryJobOtherRates	1961	Not Started
GlobalHr.SuiteGuiTests.SuiteHrTests.DeductionsTab.Cr21DependentsPage	2390	Not Started
GlobalHr.SuiteGuiTests.SuiteHrTests.TransferTests.SuiteTransferSave.TestRequiredFieldsSave02	2420	Not Started
GlobalHr.SuiteGuiTests.SuiteHrTests.TransferTests.SuiteTransferSave.TestRequiredFieldsSave01	2422	Not Started
GlobalHr.SuiteGuiTests.SuiteHrTests.DeductionsTab.SuiteCalcRules.TestDedCr60UsaGarnishmentTxCatChildSuppWf	2534	Not Started
GlobalHr.SuiteGuiTests.SuiteHrTests.JobTests.JobHistoryAddMss	2566	Not Started
GlobalHr.SuiteGuiTests.SuiteHrTests.HireTests.NewHire.UsTests.NewHireEarnGrpDedGrpPto	4650	Not Started
GlobalHr.SuiteGuiTests.SuiteHrTests.TransferTests.SuiteTransferSave.TestAllFieldsSave	5219	Not Started
GlobalHr.SuiteGuiTests.SuiteHrTests.DeductionsTab.SuiteCalcRules.TestCr60GarnTaxCatGarnishUsa	5548	Not Started
GlobalHr.SuiteGuiTests.SuiteBusRules.SuiteLaborUnions.TestPageLayout	98	In Progress
GlobalHr.SuiteGuiTests.SuiteHrTests.PersonalTab.MssPrivateInfoCan	258	In Progress
GlobalHr.SuiteGuiTests.SuiteHrTests.PersonalTab.MssPrivateInfo	265	In Progress
GlobalHr.SuiteGuiTests.SuiteHrTests.PersonalTab.EssAddress	314	In Progress
GlobalHr.SuiteGuiTests.SuiteHrTests.JobTests.OtherCompanyInformation.EeadminCountriesFlag	324	In Progress
GlobalHr.SuiteGuiTests.SuiteHrTests.BenefitsTests.PtoRequests	324	In Progress
GlobalHr.SuiteGuiTests.SuitePayrollTests.EarningsTab.EarningAdd	405	In Progress
GlobalHr.SuiteGuiTests.SuitePayrollTests.EarningsTab.TestDeleteEarning	558	In Progress
GlobalHr.SuiteGuiTests.SuiteBusRules.SuiteJobs.CompetenciesPage	585	In Progress
GlobalHr.SuiteGuiTests.SuiteHrTests.HireTests.ReHire.UsTests.UsRehireWorkinFlResidentAz	878	In Progress
GlobalHr.SuiteGuiTests.SuiteGlobalTests.GlobalCareerLic	918	In Progress
GlobalHr.SuiteGuiTests.SuiteHrTests.HireTests.NewHire.UsTests.NewHireUsReloadSpanish	1154	In Progress
GlobalHr.SuiteGuiTests.SuiteHrTests.TerminationTests.MssTermination	1181	In Progress
GlobalHr.SuiteGuiTests.SuiteHrTests.PositionManagement.JobHistory.JobHistoryDoesNotChange	12	On Hold
GlobalHr.SuiteGuiTests.SuiteBusRules.SuiteSalaryDiff.Test03SalaryDiffAddPageEs	18	On Hold
GlobalHr.SuiteGuiTests.SuiteHrTests.PositionManagement.ModifyWorkLocation	18	On Hold
GlobalHr.SuiteGuiTests.SuiteBusRules.SuiteSalaryDiff.Test04SalaryDiffAddPageFr	18	On Hold
GlobalHr.SuiteGuiTests.SuiteBusRules.SuiteSalaryDiff.Test02SalaryDiffAddPageEn	18	On Hold
GlobalHr.SuiteGuiTests.SuiteHrTests.PositionManagement.SuiteSecondaryPositions.SuiteMyTeam.Test02SecPosEs	24	On Hold
GlobalHr.SuiteGuiTests.SuiteHrTests.PositionManagement.SuiteSecondaryPositions.SuiteMyTeam.Test03SecPosFr	24	On Hold
GlobalHr.SuiteGuiTests.SuiteBusRules.ConnectAsp.CheckAspIsWorkingDoc	26	On Hold
GlobalHr.SuiteGuiTests.SuiteHrTests.PositionManagement.JobSummarySuite.LabelChangesThroughEeAdm	28	On Hold
GlobalHr.SuiteGuiTests.SuiteHrTests.PositionManagement.JobSummarySuite.LabelChangesThroughMss	28	On Hold
GlobalHr.SuiteGuiTests.SuiteHrTests.PositionManagement.SuiteChangePositionShifts.Test04ShiftsGrpDisplay	28	On Hold
GlobalHr.SuiteGuiTests.SuiteHrTests.PositionManagement.SuiteSecondaryPositions.SuiteMyTeam.Test01SecPosEn	30	On Hold
GlobalHr.SuiteGuiTests.SuiteHrTests.PositionManagement.SuiteSecondaryPositions.SuiteEmployeeAdmin.Test02SecPosEs	34	On Hold
GlobalHr.SuiteGuiTests.SuiteHrTests.PositionManagement.SuitePositionShifts.Test04ShiftsGrpDisplay	34	On Hold
GlobalHr.SuiteGuiTests.SuiteHrTests.PositionManagement.SuiteSecondaryPositions.SuiteEmployeeAdmin.Test03SecPosFr	35	On Hold
GlobalHr.SuiteGuiTests.SuiteHrTests.PositionManagement.SuiteSecondaryPositions.SuiteEmployeeAdmin.Test01SecPosEn	36	On Hold
GlobalHr.SuiteGuiTests.SuiteHrTests.PositionManagement.SuitePositionShifts.Test01ShiftsGrpDisplay	37	On Hold
GlobalHr.SuiteGuiTests.SuiteHrTests.PositionManagement.SuiteChangePositionShifts.Test02ShiftsGrpDisplay	38	On Hold
GlobalHr.SuiteGuiTests.SuiteHrTests.PositionManagement.SuiteChangePositionShifts.Test01ShiftsGrpDisplay	40	On Hold
GlobalHr.SuiteGuiTests.SuiteHrTests.PositionManagement.SuitePositionShifts.Test02ShiftsGrpDisplay	47	On Hold
GlobalHr.SuiteGuiTests.SuiteFramework.SuiteUsGridView.SuiteLargeListControl.TestLocalizedCodeEntryEnglish	48	On Hold
GlobalHr.SuiteGuiTests.SuiteHrTests.PositionManagement.SuiteChangePositionShifts.Test08ShiftsGrpDisplay	48	On Hold
GlobalHr.SuiteGuiTests.SuiteFramework.SuiteUsGridView.SuiteLargeListControl.TestLocalizedCodeEntryFrench	48	On Hold
GlobalHr.SuiteGuiTests.SuiteFramework.SuiteUsGridView.SuiteLargeListControl.TestLocalizedCodeEntrySpanish	49	On Hold
GlobalHr.SuiteGuiTests.SuiteBusRules.ConnectAsp.AddChangePayScales	52	On Hold
GlobalHr.SuiteGuiTests.SuiteHrTests.PositionManagement.SuitePositionShifts.Test08ShiftsGrpDisplay	54	On Hold
GlobalHr.SuiteGuiTests.SuiteHrTests.PositionManagement.PersonalSumnary.MySelf.Test02LocalizedFr	58	On Hold
GlobalHr.SuiteGuiTests.SuiteFramework.SuiteUsGridView.SuiteLargeListControl.TestPagingAndSelect	58	On Hold
GlobalHr.SuiteGuiTests.SuiteHrTests.PositionManagement.PersonalSumnary.MySelf.Test03LocalizedEs	58	On Hold
GlobalHr.SuiteGuiTests.SuiteBusRules.LeaveOfAbsenceReasons.ValidateSearch	60	On Hold
GlobalHr.SuiteGuiTests.SuiteHrTests.PositionManagement.PersonalSumnary.MySelf.Test01ShowPosition	60	On Hold
GlobalHr.SuiteGuiTests.SuiteHrTests.PositionManagement.PositionSalarySuite.TestChangeSalaryFr	64	On Hold
GlobalHr.SuiteGuiTests.SuiteHrTests.PositionManagement.PersonalSumnary.EmployeeAdmin.Test03LocalizedEs	65	On Hold
GlobalHr.SuiteGuiTests.SuiteHrTests.PositionManagement.PersonalSumnary.EmployeeAdmin.Test02LocalizedFr	65	On Hold
GlobalHr.SuiteGuiTests.SuiteHrTests.PositionManagement.PersonalSumnary.MyTeam.Test03LocalizedEs	65	On Hold
GlobalHr.SuiteGuiTests.SuiteHrTests.PositionManagement.PersonalSumnary.MyTeam.Test02LocalizedFr	65	On Hold
GlobalHr.SuiteGuiTests.SuiteHrTests.PositionManagement.PositionSalarySuite.TestChangeSalaryEs	66	On Hold
GlobalHr.SuiteGuiTests.SuiteHrTests.PositionManagement.PersonalSumnary.EmployeeAdmin.Test01ShowPosition	67	On Hold
GlobalHr.SuiteGuiTests.SuiteHrTests.PositionManagement.PersonalSumnary.MyTeam.Test01ShowPosition	67	On Hold
GlobalHr.SuiteGuiTests.SuiteHrTests.PositionManagement.SuiteChangePositionShifts.Test07ShiftsGrpDisplay	74	On Hold
GlobalHr.SuiteGuiTests.SuiteHrTests.PositionManagement.SuiteSecondaryPositions.SuiteEmployeeAdmin.Test07OrglvlHidden	74	On Hold
GlobalHr.SuiteGuiTests.SuiteHrTests.PositionManagement.PositionSalarySuite.SuiteReset.TestResetButtonChangeSalaryWzdWithNoChanges	76	On Hold
GlobalHr.SuiteGuiTests.SuiteHrTests.PositionManagement.JobSummarySuite.JobSummaryPositionMgmt	78	On Hold
GlobalHr.SuiteGuiTests.SuiteHrTests.PositionManagement.SuiteChangePositionShifts.Test03ShiftsGrpDisplay	78	On Hold
GlobalHr.SuiteGuiTests.SuiteHrTests.PositionManagement.SuiteChangePositionShifts.Test05ShiftsGrpDisplay	79	On Hold
GlobalHr.SuiteGuiTests.SuiteHrTests.PositionManagement.SuiteChangePositionShifts.Test06ShiftsGrpDisplay	79	On Hold
GlobalHr.SuiteGuiTests.SuiteHrTests.PositionManagement.PositionSalarySuite.SuiteReset.TestResetButtonChangeSalaryWzdWithPayScalesNoChanges	80	On Hold
GlobalHr.SuiteGuiTests.SuiteHrTests.PositionManagement.JobSummarySuite.PositionManagementTurnedOn	80	On Hold
GlobalHr.SuiteGuiTests.SuiteHrTests.PositionManagement.SuitePositionShifts.Test07ShiftsGrpDisplay	80	On Hold
GlobalHr.SuiteGuiTests.SuiteHrTests.PositionManagement.SuiteSecondaryPositions.SuiteEmployeeAdmin.Test08OrglvlDisabled	82	On Hold
GlobalHr.SuiteGuiTests.SuiteHrTests.PositionManagement.PositionSalarySuite.SuiteReset.TestResetButtonChangeReviewsWzdWithNoChanges	83	On Hold
GlobalHr.SuiteGuiTests.SuiteHrTests.PositionManagement.PositionSalarySuite.TestTableUpdatesCan	84	On Hold
GlobalHr.SuiteGuiTests.SuiteBusRules.LeaveOfAbsenceReasons.EditLocalizedDescription	84	On Hold
GlobalHr.SuiteGuiTests.SuiteHrTests.PositionManagement.PositionSalarySuite.SuiteReset.TestResetButtonChangeSalaryWzd	86	On Hold
GlobalHr.SuiteGuiTests.SuiteHrTests.PositionManagement.SuitePositionShifts.Test03ShiftsGrpDisplay	86	On Hold
GlobalHr.SuiteGuiTests.SuiteHrTests.PositionManagement.SuitePositionShifts.Test05ShiftsGrpDisplay	87	On Hold
GlobalHr.SuiteGuiTests.SuiteHrTests.PositionManagement.SuitePositionShifts.Test06ShiftsGrpDisplay	87	On Hold
GlobalHr.SuiteGuiTests.SuiteHrTests.PositionManagement.SuiteChangePosition.TestChangePositionTableUpdatesCan	88	On Hold
GlobalHr.SuiteGuiTests.SuiteHrTests.PositionManagement.PositionTerminationSuite.TerminatePositionManagementTest	90	On Hold
GlobalHr.SuiteGuiTests.SuiteHrTests.PositionManagement.PositionSalarySuite.SuiteReset.TestResetButtonChangeSalaryWzdWithPayScales	92	On Hold
GlobalHr.SuiteGuiTests.SuiteHrTests.PositionManagement.SuiteChangeSalary.TestChangeSalaryPlanCan	92	On Hold
GlobalHr.SuiteGuiTests.SuiteHrTests.PositionManagement.SuiteChangePositionShifts.Test09ShiftsGrpDisplay	95	On Hold
GlobalHr.SuiteGuiTests.SuiteHrTests.PositionManagement.PositionTerminationSuite.TerminateCanadianPositionManagementTest	99	On Hold
GlobalHr.SuiteGuiTests.SuiteHrTests.PositionManagement.SuitePositionShifts.Test09ShiftsGrpDisplay	103	On Hold
GlobalHr.SuiteGuiTests.SuiteHrTests.PositionManagement.PositionSalarySuite.SuitePayScales.TestPayScalesDefaults	107	On Hold
GlobalHr.SuiteGuiTests.SuiteHrTests.PositionManagement.SuiteSecondaryPositions.SuiteEmployeeAdmin.Test06OrglvlRequiredFields	109	On Hold
GlobalHr.SuiteGuiTests.SuiteHrTests.PositionManagement.JobHistory.JobHistory	109	On Hold
GlobalHr.SuiteGuiTests.SuiteHrTests.PositionManagement.SuiteSecondaryPositions.SuiteEmployeeAdmin.Test15ValidatePayRatesSection	110	On Hold
GlobalHr.SuiteGuiTests.SuiteHrTests.PositionManagement.PositionSalarySuite.SuiteReset.TestResetButtonChangeJobWzdWithNoChanges	114	On Hold
GlobalHr.SuiteGuiTests.SuiteHrTests.PositionManagement.SuiteChangeSalary.TestChangeSalaryPlan	118	On Hold
GlobalHr.SuiteGuiTests.SuiteHrTests.PositionManagement.SuiteSecondaryPositions.SuiteEmployeeAdmin.Test11EffStartStopDateValidation	119	On Hold
GlobalHr.SuiteGuiTests.SuiteHrTests.PositionManagement.SuiteSecondaryPositions.SuiteEmployeeAdmin.Test16ValidatePayrollSection	123	On Hold
GlobalHr.SuiteGuiTests.SuiteHrTests.PositionManagement.PositionSalarySuite.SuiteReset.TestResetButtonChangeReviewsWzd	128	On Hold
GlobalHr.SuiteGuiTests.SuiteHrTests.PositionManagement.JobHistory.JobHistoryDetailSalaryFrom	129	On Hold
GlobalHr.SuiteGuiTests.SuiteHrTests.PositionManagement.SuiteChangePositionShifts.Test10ShiftsGrpDisplay	134	On Hold
GlobalHr.SuiteGuiTests.SuiteHrTests.PositionManagement.PositionSalarySuite.SuiteReset.TestResetButtonChangeJobWzd	135	On Hold
GlobalHr.SuiteGuiTests.SuiteHrTests.PositionManagement.SuitePositionShifts.Test10ShiftsGrpDisplay	143	On Hold
GlobalHr.SuiteGuiTests.SuiteBusRules.LeaveOfAbsenceReasons.AddCode	146	On Hold
GlobalHr.SuiteGuiTests.SuiteHrTests.PositionManagement.PositionSalarySuite.TestOrgLvl4Can	147	On Hold
GlobalHr.SuiteGuiTests.SuiteHrTests.PositionManagement.PositionSalarySuite.PositionAndSalaryNavigationAndSummary.Test05ChangePositionNavigation	149	On Hold
GlobalHr.SuiteGuiTests.SuiteHrTests.PositionManagement.PositionSalarySuite.TestOrgLvl2Can	150	On Hold
GlobalHr.SuiteGuiTests.SuiteHrTests.PositionManagement.PositionSalarySuite.PositionAndSalaryNavigationAndSummary.Test02ChangePositionNavigation	151	On Hold
GlobalHr.SuiteGuiTests.SuiteHrTests.PositionManagement.SuiteSecondaryPositions.SuiteMyTeam.Test05RequiredFields	157	On Hold
GlobalHr.SuiteGuiTests.SuiteHrTests.PositionManagement.PositionSalarySuite.TestOrgLvl1Can	158	On Hold
GlobalHr.SuiteGuiTests.SuiteHrTests.PositionManagement.SuiteSecondaryPositions.SuiteEmployeeAdmin.Test10PopulateOrglvlsFromPosition	159	On Hold
GlobalHr.SuiteGuiTests.SuiteHrTests.PositionManagement.PositionSalarySuite.TestOrgLvl3Can	165	On Hold
GlobalHr.SuiteGuiTests.SuiteHrTests.PositionManagement.SuiteSecondaryPositions.SuiteEmployeeAdmin.Test05RequiredFields	165	On Hold
GlobalHr.SuiteGuiTests.SuiteHrTests.PositionManagement.PositionSalarySuite.PositionAndSalaryNavigationAndSummary.Test01ChangePositionNavigation	169	On Hold
GlobalHr.SuiteGuiTests.SuiteHrTests.PositionManagement.SuiteSecondaryPositions.SuiteEmployeeAdmin.Test12ShiftGroupHiddenDisabled	175	On Hold
GlobalHr.SuiteGuiTests.SuiteHrTests.PositionManagement.PositionSalarySuite.PositionAndSalaryNavigationAndSummary.Test04ChangePositionNavigation	176	On Hold
GlobalHr.SuiteGuiTests.SuiteHrTests.PositionManagement.PositionSalarySuite.TestOrgLvl4	177	On Hold
GlobalHr.SuiteGuiTests.SuiteBusRules.SuiteJobGroups.TestJobGroupsPage	177	On Hold
GlobalHr.SuiteGuiTests.SuiteHrTests.PositionManagement.SuiteSecondaryPositions.SuiteEmployeeAdmin.Test14ValidateFteSchhrsAnnhrs	179	On Hold
GlobalHr.SuiteGuiTests.SuiteBusRules.ConnectAsp.JobChangeReasons	189	On Hold
GlobalHr.SuiteGuiTests.SuiteHrTests.PositionManagement.SuiteSecondaryPositions.SuiteEmployeeAdmin.Test09ProjectHiddenDisabled	190	On Hold
GlobalHr.SuiteGuiTests.SuiteHrTests.PositionManagement.PositionSalarySuite.TestOrgLvl2	203	On Hold
GlobalHr.SuiteGuiTests.SuiteHrTests.PositionManagement.PositionSalarySuite.PositionAndSalaryNavigationAndSummary.Test03ChangePositionNavigation	214	On Hold
GlobalHr.SuiteGuiTests.SuiteHrTests.PositionManagement.PositionSalarySuite.TestOrgLvl3	218	On Hold
GlobalHr.SuiteGuiTests.SuiteHrTests.PositionManagement.PositionSalarySuite.TestOrgLvl1	219	On Hold
GlobalHr.SuiteGuiTests.SuiteBusRules.SuiteShifts.TestShiftEdit	221	On Hold
GlobalHr.SuiteGuiTests.SuiteHrTests.PositionManagement.PositionSalarySuite.TestOrgLvlNulls	221	On Hold
GlobalHr.SuiteGuiTests.SuiteBusRules.ReviewTypes.ReviewTypeAddEdit	235	On Hold
GlobalHr.SuiteGuiTests.SuiteGlobalTests.GlobalEmpStatusLlc	236	On Hold
GlobalHr.SuiteGuiTests.SuiteHrTests.PositionManagement.RehireSuite.ReHireDifferentCompany	236	On Hold
GlobalHr.SuiteGuiTests.SuiteHrTests.JobTests.WorkersCompUs	245	On Hold
GlobalHr.SuiteGuiTests.SuiteBusRules.ConnectAsp.AwardsAndRecognition	259	On Hold
GlobalHr.SuiteGuiTests.SuitePayrollTests.EarningsTab.ChangeEarningGroup	265	On Hold
GlobalHr.SuiteGuiTests.SuiteHrTests.PositionManagement.NewHireSuite.SummaryPageTest	267	On Hold
GlobalHr.SuiteGuiTests.SuiteHrTests.PositionManagement.NewHireSuite.SuiteNewHireSave.OrgLvlSave	297	On Hold
GlobalHr.SuiteGuiTests.SuiteBusRules.ConnectAsp.LeaveOfAbsenceReasons	307	On Hold
GlobalHr.SuiteGuiTests.SuiteBusRules.JobChangeReason.AddSearchEdit	313	On Hold
GlobalHr.SuiteGuiTests.SuiteHrTests.PositionManagement.RehireSuite.ReHireEmpTerminatedInDifferentComponentCompanies	336	On Hold
GlobalHr.SuiteGuiTests.SuiteHrTests.PositionManagement.SuiteSecondaryPositions.Test17MyTeamValidateSummaryChangeDetailPage	345	On Hold
GlobalHr.SuiteGuiTests.SuiteHrTests.PositionManagement.SuiteSecondaryPositions.SuiteEmployeeAdmin.Test13PopulateShiftgroupFromPosition	354	On Hold
GlobalHr.SuiteGuiTests.SuiteHrTests.JobTests.CompensationNode	356	On Hold
GlobalHr.SuiteGuiTests.SuiteHrTests.PositionManagement.RehireSuite.ReHireCanEmp	357	On Hold
GlobalHr.SuiteGuiTests.SuiteHrTests.PositionManagement.SuiteChangePosition.TestChangePositionTableUpdates	385	On Hold
GlobalHr.SuiteGuiTests.SuiteHrTests.PositionManagement.SuiteSecondaryPositions.Test20EmployeeAdminValidateSummaryChangeDetailPage	400	On Hold
GlobalHr.SuiteGuiTests.SuiteHrTests.PositionManagement.NewHireSuite.SuiteNewHireSave.Test01NewHireSave	400	On Hold
GlobalHr.SuiteGuiTests.SuiteHrTests.PositionManagement.NewHireSuite.SuiteNewHireSave.Test02NewHireSave	402	On Hold
GlobalHr.SuiteGuiTests.SuiteHrTests.PositionManagement.PositionSalarySuite.TestTableUpdates	402	On Hold
GlobalHr.SuiteGuiTests.SuiteHrTests.PositionManagement.NewHireSuite.SuiteNewHireSave.Test03NewHireSave	404	On Hold
GlobalHr.SuiteGuiTests.SuiteBusRules.SuiteJobGroups.TestJobGroupsFuncSave	411	On Hold
GlobalHr.SuiteGuiTests.SuiteHrTests.PositionManagement.PositionSalarySuite.TestChangeSalaryPage2	413	On Hold
GlobalHr.SuiteGuiTests.SuiteBusRules.SuiteJobGroups.TestJobGroupsFunc	417	On Hold
GlobalHr.SuiteGuiTests.SuiteHrTests.PositionManagement.NewHireSuite.NewHireSaveCan	419	On Hold
GlobalHr.SuiteGuiTests.SuiteHrTests.PositionManagement.SuiteSecondaryPositions.Test19AddSecondaryPositionForCanadianEmp	420	On Hold
GlobalHr.SuiteGuiTests.SuiteHrTests.PositionManagement.JobHistory.JobHistoryEditMss	443	On Hold
GlobalHr.SuiteGuiTests.SuiteBusRules.ConnectAsp.LicensesAndCertifications	448	On Hold
GlobalHr.SuiteGuiTests.SuiteHrTests.PositionManagement.SuiteSecondaryPositions.Test18TableUpdates	459	On Hold
GlobalHr.SuiteGuiTests.SuiteBusRules.SuiteJobs.AddJobNavigationButtons	847	On Hold
GlobalHr.SuiteGuiTests.SuiteHrTests.PositionManagement.RehireSuite.TestReHireSameCoId	878	On Hold
GlobalHr.SuiteGuiTests.SuiteHrTests.PositionManagement.JobHistory.JobHistoryAddMss	995	On Hold
GlobalHr.SuiteGuiTests.SuiteHrTests.PositionManagement.JobHistory.JobHistoryDeleteMss	1808	On Hold
GlobalHr.SuiteGuiTests.SuiteHrTests.JobTests.TestCase	-1	Test Directory Not Found
GlobalHr.SuiteGuiTests.SuiteHrTests.HireTests.NewHireTemplates.Automation3Test	-1	Test Directory Not Found
GlobalHr.SuiteGuiTests.SuiteHrTests.PersonalTab.EssContactCan	-1	Test Directory Not Found
GlobalHr.SuiteGuiTests.SuiteHrTests.JobTests.JobHistory	-1	Test Directory Not Found
GlobalHr.SuiteGuiTests.SuiteOtherTests.ErrorDoesNotExposeStacktTrace	-1	Test Directory Not Found
GlobalHr.SuiteGuiTests.SuiteHrTests.SuitePayScales.TestCase	-1	Test Directory Not Found
GlobalHr.SuiteGuiTests.SuiteHrTests.HireTests.NewHireTemplates.Automation2Test	-1	Test Directory Not Found
GlobalHr.SuiteGuiTests.SuiteFramework.SuiteWindowManager.TestPrintPreview	23	On Hold:PRINT PREVIEW
GlobalHr.SuiteGuiTests.SuiteHrTests.PrintPreview.PrintExpandedContentBox	44	On Hold:PRINT PREVIEW
GlobalHr.SuiteGuiTests.SuiteHrTests.PositionManagement.NewHireSuite.SuitePositionShifts.Test04ShiftsGrpDisplay	52	On Hold:POSFINDER
GlobalHr.SuiteGuiTests.SuiteHrTests.PrintPreview.PrintHelp	52	On Hold:PRINT PREVIEW
GlobalHr.SuiteGuiTests.SuiteHrTests.PositionManagement.SuiteSecondaryPositions.SuiteMyTeam.Test04LocLrgLstCtl	56	On Hold:LARGE LIST
GlobalHr.SuiteGuiTests.SuiteHrTests.PositionManagement.SuiteChangePositionShifts.Test12ShiftsGrpDisplay	56	On Hold:POSFINDER
GlobalHr.SuiteGuiTests.SuiteFramework.SuiteUsGridView.SuiteSuperFinder.SupervisorFinderPagingChangeJob	58	On Hold:SUPSUPERVISOR
GlobalHr.SuiteGuiTests.SuiteHrTests.PositionManagement.SuitePositionShifts.Test12ShiftsGrpDisplay	58	On Hold:POSFINDER
GlobalHr.SuiteGuiTests.SuiteHrTests.PositionManagement.NewHireSuite.SuitePositionShifts.Test01ShiftsGrpDisplay	63	On Hold:POSFINDER
GlobalHr.SuiteGuiTests.SuiteHrTests.PositionManagement.NewHireSuite.SuitePositionShifts.Test02ShiftsGrpDisplay	66	On Hold:POSFINDER
GlobalHr.SuiteGuiTests.SuiteHrTests.PositionManagement.NewHireSuite.SuitePositionShifts.Test08ShiftsGrpDisplay	66	On Hold:POSFINDER
GlobalHr.SuiteGuiTests.SuiteBusRules.SuiteSalaryDiff.Test01SalaryDiffButtons	70	On Hold:PRINT PREVIEW
GlobalHr.SuiteGuiTests.SuiteHrTests.PositionManagement.NewHireSuite.SuiteOrgLevels.Test11OrgLevels	75	On Hold:POSFINDER
GlobalHr.SuiteGuiTests.SuiteFramework.SuiteUsGridView.SuiteLargeListControl.TestLargeListSaveOnFormView	81	On Hold:LARGE LIST
GlobalHr.SuiteGuiTests.SuiteHrTests.PositionManagement.NewHireSuite.SuitePositionShifts.Test09ShiftsGrpDisplay	83	On Hold:POSFINDER
GlobalHr.SuiteGuiTests.SuiteHrTests.PositionManagement.PositionFinderSuite.PosFinderFilterByCoid	84	On Hold:POSFINDER
GlobalHr.SuiteGuiTests.SuiteHrTests.PrintPreview.PrintAndSaveThenNotes	89	On Hold:PRINT PREVIEW
GlobalHr.SuiteGuiTests.SuiteHrTests.PositionManagement.NewHireSuite.SuitePositionShifts.Test07ShiftsGrpDisplay	92	On Hold:POSFINDER
GlobalHr.SuiteGuiTests.SuiteFramework.SuiteUsGridView.SuiteSuperFinder.SupervisorPagingNewHire	94	On Hold:SUPSUPERVISOR
GlobalHr.SuiteGuiTests.SuiteHrTests.PositionManagement.NewHireSuite.SuitePositionShifts.Test03ShiftsGrpDisplay	97	On Hold:POSFINDER
GlobalHr.SuiteGuiTests.SuiteHrTests.PositionManagement.NewHireSuite.SuitePositionShifts.Test05ShiftsGrpDisplay	102	On Hold:POSFINDER
GlobalHr.SuiteGuiTests.SuiteHrTests.PositionManagement.NewHireSuite.SuitePositionShifts.Test06ShiftsGrpDisplay	103	On Hold:POSFINDER
GlobalHr.SuiteGuiTests.SuiteBusRules.SuiteUserDefinedFields.TestEditPage	112	On Hold:PRINT PREVIEW
GlobalHr.SuiteGuiTests.SuiteHrTests.JobTests.ChangeJobSalLargeList	113	On Hold:LARGE LIST
GlobalHr.SuiteGuiTests.SuiteHrTests.PositionManagement.NewHireSuite.SuiteOrgLevels.Test06OrgLevels	115	On Hold:POSFINDER
GlobalHr.SuiteGuiTests.SuiteHrTests.PositionManagement.NewHireSuite.SuiteOrgLevels.Test04OrgLevels	117	On Hold:POSFINDER
GlobalHr.SuiteGuiTests.SuiteHrTests.PositionManagement.NewHireSuite.SuiteOrgLevels.Test03OrgLevels	117	On Hold:POSFINDER
GlobalHr.SuiteGuiTests.SuiteHrTests.PositionManagement.NewHireSuite.SuiteOrgLevels.Test02OrgLevels	117	On Hold:POSFINDER
GlobalHr.SuiteGuiTests.SuiteHrTests.PositionManagement.NewHireSuite.SuiteOrgLevels.Test05OrgLevels	117	On Hold:POSFINDER
GlobalHr.SuiteGuiTests.SuiteBusRules.SuiteDeductionBenefitGrps.TestDedButtons	118	On Hold:PRINT PREVIEW
GlobalHr.SuiteGuiTests.SuiteHrTests.PositionManagement.NewHireSuite.SuiteOrgLevels.Test01OrgLevels	118	On Hold:POSFINDER
GlobalHr.SuiteGuiTests.SuiteHrTests.PositionManagement.NewHireSuite.SuiteOrgLevels.Test09OrgLevels	119	On Hold:POSFINDER
GlobalHr.SuiteGuiTests.SuiteHrTests.PositionManagement.PositionFinderSuite.PosFinderLlc	119	On Hold:POSFINDER
GlobalHr.SuiteGuiTests.SuiteHrTests.PositionManagement.NewHireSuite.SuiteOrgLevels.Test10OrgLevels	119	On Hold:POSFINDER
GlobalHr.SuiteGuiTests.SuiteHrTests.PositionManagement.NewHireSuite.SuiteOrgLevels.Test08OrgLevels	119	On Hold:POSFINDER
GlobalHr.SuiteGuiTests.SuiteHrTests.PositionManagement.NewHireSuite.SuiteOrgLevels.Test07OrgLevels	119	On Hold:POSFINDER
GlobalHr.SuiteGuiTests.SuiteHrTests.PositionManagement.PositionFinderSuite.PosFinderFilters	120	On Hold:POSFINDER
GlobalHr.SuiteGuiTests.SuiteHrTests.PositionManagement.SuiteSecondaryPositions.SuiteEmployeeAdmin.Test04LocLrgLstCtl	125	On Hold:LARGE LIST
GlobalHr.SuiteGuiTests.SuiteBusRules.SuiteDeductionBenefitGrps.TestDedButtonsEdit	136	On Hold:PRINT PREVIEW
GlobalHr.SuiteGuiTests.SuiteFramework.SuiteUsGridView.SuiteLargeListControl.TestFilterOnLargeListSelection	137	On Hold:LARGE LIST
GlobalHr.SuiteGuiTests.SuiteBusRules.SuiteShifts.TestShiftButtons	144	On Hold:PRINT PREVIEW
GlobalHr.SuiteGuiTests.SuiteHrTests.PositionManagement.PositionFinderSuite.PosFinderFieldsEn	146	On Hold:POSFINDER
GlobalHr.SuiteGuiTests.SuiteHrTests.PositionManagement.PositionFinderSuite.PosFinderFieldsEs	149	On Hold:POSFINDER
GlobalHr.SuiteGuiTests.SuiteHrTests.PositionManagement.PositionFinderSuite.PosFinderFieldsFr	149	On Hold:POSFINDER
GlobalHr.SuiteGuiTests.SuiteHrTests.PrintPreview.PrintMessageLightbox	150	On Hold:PRINT PREVIEW
GlobalHr.SuiteGuiTests.SuiteHrTests.PositionManagement.SuiteChangePositionShifts.Test11ShiftsGrpDisplay	156	On Hold:POSFINDER
GlobalHr.SuiteGuiTests.SuiteHrTests.PositionManagement.SuitePositionShifts.Test11ShiftsGrpDisplay	158	On Hold:POSFINDER
GlobalHr.SuiteGuiTests.SuiteHrTests.PositionManagement.NewHireSuite.SuitePositionShifts.Test10ShiftsGrpDisplay	158	On Hold:POSFINDER
GlobalHr.SuiteGuiTests.SuiteHrTests.PositionManagement.NewHireSuite.PayScalesSalGradeTest	163	On Hold:POSFINDER
GlobalHr.SuiteGuiTests.SuiteHrTests.PositionManagement.NewHireSuite.SuitePositionShifts.Test11ShiftsGrpDisplay	168	On Hold:POSFINDER
GlobalHr.SuiteGuiTests.SuiteFramework.SuiteSystemSettings.TestDisplay	173	On Hold:LARGE LIST
GlobalHr.SuiteGuiTests.SuiteHrTests.PositionManagement.NewHireSuite.ShowPosInfo	183	On Hold:POSFINDER
GlobalHr.SuiteGuiTests.SuiteBusRules.SuiteShifts.TestShiftButtonsEdit	183	On Hold:PRINT PREVIEW
GlobalHr.SuiteGuiTests.SuiteFramework.SuiteUsGridView.SuiteLargeListControl.TestFilters	192	On Hold:LARGE LIST
GlobalHr.SuiteGuiTests.SuiteHrTests.PositionManagement.NewHireSuite.ShowPosInfoLocalizedFr	205	On Hold:POSFINDER
GlobalHr.SuiteGuiTests.SuiteHrTests.PositionManagement.NewHireSuite.ShowPosInfoLocalizedEs	205	On Hold:POSFINDER
GlobalHr.SuiteGuiTests.SuiteOtherTests.CodeFilterJobChangeSuite.NewHireWithLargeList	213	On Hold:LARGE LIST
GlobalHr.SuiteGuiTests.SuiteFramework.SuiteUsGridView.SuiteSuperFinder.SupervisorFiltersChangeJob	252	On Hold:SUPSUPERVISOR
GlobalHr.SuiteGuiTests.SuiteBusRules.SuiteCurrencyConversion.CurrencyConversionDetail	253	On Hold:PRINT PREVIEW
GlobalHr.SuiteGuiTests.SuiteFramework.SuiteSystemSettings.TestSystemSettingsGui	254	On Hold:PRINT PREVIEW
GlobalHr.SuiteGuiTests.SuiteHrTests.TransferTests.SummaryPage.CheckAllFields	283	On Hold:SUPSUPERVISOR
GlobalHr.SuiteGuiTests.SuiteHrTests.PositionManagement.NewHireSuite.ProjectFieldTest	293	On Hold:POSFINDER
GlobalHr.SuiteGuiTests.SuiteHrTests.PositionManagement.PositionFinderSuite.PosFinderColumns	295	On Hold:POSFINDER
GlobalHr.SuiteGuiTests.SuiteGlobalTests.NameAddressTelephoneTabGlobalEmp	295	On Hold:PRINT PREVIEW
GlobalHr.SuiteGuiTests.SuiteFramework.SuiteUsGridView.SuiteSuperFinder.SupervisorFiltersNewHire	298	On Hold:SUPSUPERVISOR
GlobalHr.SuiteGuiTests.SuiteHrTests.CanadaTransferTests.SummaryPage.CheckAllFields	303	On Hold:SUPSUPERVISOR
GlobalHr.SuiteGuiTests.SuiteHrTests.PositionManagement.PositionSalarySuite.PositionAndSalaryNavigationAndSummary.Test06ChangePositionNavigation	361	On Hold:POSFINDER
GlobalHr.SuiteGuiTests.SuiteHrTests.PositionManagement.PositionSalarySuite.PositionAndSalaryNavigationAndSummary.Test07ChangePositionNavigation	382	On Hold:POSFINDER
GlobalHr.SuiteGuiTests.Google508Compliance.ToolbarActionImprovementsTest	427	On Hold:PRINT PREVIEW
GlobalHr.SuiteGuiTests.SuiteHrTests.PositionManagement.PositionSalarySuite.ChangeSalaryFieldTests	445	On Hold:POSFINDER
GlobalHr.SuiteGuiTests.SuiteHrTests.JobTests.ChangeJobCanLlc	451	On Hold:LARGE LIST
GlobalHr.SuiteGuiTests.SuiteHrTests.PositionManagement.PositionFinderSuite.PosFinderSearch	473	On Hold:POSFINDER
GlobalHr.SuiteGuiTests.SuiteHrTests.JobTests.SuspendAndResumeSuite.SusAndResPart1	530	On Hold:SUPSUPERVISOR
GlobalHr.SuiteGuiTests.SuiteHrTests.HireTests.NewHire.CanTests.CanadaNhUsHireCanAlb	632	On Hold:SUPSUPERVISOR
GlobalHr.SuiteGuiTests.SuiteHrTests.HireTests.NewHire.UsTests.UsNhSaStateLocal	635	On Hold:SUPSUPERVISOR
GlobalHr.SuiteGuiTests.SuiteHrTests.HireTests.NewHire.CanTests.CanadaNewHireOnt	705	On Hold:SUPSUPERVISOR
GlobalHr.SuiteGuiTests.SuiteHrTests.HireTests.NewHire.CanTests.CanadaNhWfNt	743	On Hold:SUPSUPERVISOR
GlobalHr.SuiteGuiTests.SuiteHrTests.PrintPreview.PrintPreviewTest	744	On Hold:PRINT PREVIEW
GlobalHr.SuiteGuiTests.SuiteHrTests.HireTests.NewHire.UsTests.UsNhPrintPrevNavigate	818	On Hold:SUPSUPERVISOR
GlobalHr.SuiteGuiTests.SuiteHrTests.HireTests.ReHire.CanTests.ReHireWithWf	906	On Hold:SUPSUPERVISOR
GlobalHr.SuiteGuiTests.SuiteHrTests.TransferTests.SuiteTransferPositionMgmt.TestTransferSave01	930	On Hold:POSFINDER
GlobalHr.SuiteGuiTests.SuiteHrTests.HireTests.NewHire.UsTests.UsNhCanUsaNoLocalTax	974	On Hold:SUPSUPERVISOR
GlobalHr.SuiteGuiTests.SuiteHrTests.JobTests.ChangeJobCanWf10	993	On Hold:SUPSUPERVISOR
GlobalHr.SuiteGuiTests.SuiteHrTests.JobTests.ChangeJobSalRevWiz	994	On Hold:SUPSUPERVISOR
GlobalHr.SuiteGuiTests.SuiteHrTests.HireTests.ReHire.UsTests.ReHireUsSameCompCanLogin	1085	On Hold:SUPSUPERVISOR
GlobalHr.SuiteGuiTests.SuiteGlobalTests.ChkJobHistoryGlobalEmp	1113	On Hold:SUPSUPERVISOR
GlobalHr.SuiteGuiTests.SuiteHrTests.HireTests.NewHire.UsTests.UsNhIntoCaliforniaWf	1123	On Hold:SUPSUPERVISOR
GlobalHr.SuiteGuiTests.SuiteHrTests.HireTests.ReHire.UsTests.ReHireUsWithWfSiteAdmin	1380	On Hold:SUPSUPERVISOR
GlobalHr.SuiteGuiTests.SuiteHrTests.HireTests.ReHire.UsTests.ReHireUsDifCompanyUsLogin	1569	On Hold:SUPSUPERVISOR
GlobalHr.SuiteGuiTests.SuiteGlobalTests.AddEditMinEmpNoAwf	1794	On Hold:SUPSUPERVISOR
GlobalHr.SuiteGuiTests.SuiteHrTests.CanadaTransferTests.SuitePositionManagement.GuiChecks	2173	On Hold:POSFINDER
GlobalHr.SuiteGuiTests.SuiteHrTests.CanadaTransferTests.SuitePositionManagement.GuiChecksLastWeekDate	2192	On Hold:POSFINDER
GlobalHr.SuiteGuiTests.SuiteHrTests.JobTests.JobHistoryEditMss	2206	On Hold:SUPSUPERVISOR
GlobalHr.SuiteGuiTests.SuiteBusRules.SuiteShifts.TestShiftDupCode	23	Waiting for Review
GlobalHr.SuiteGuiTests.SuiteBusRules.SuiteShifts.TestShiftRatePercent	42	Waiting for Review
GlobalHr.SuiteGuiTests.SuiteOtherTests.MyTeamCompensation	46	Waiting for Review
GlobalHr.SuiteGuiTests.SuiteHrTests.JobTests.ChangeSalaryResetButtonTests.ChangeSalaryResetButtonPosEeadm	56	Waiting for Review
GlobalHr.SuiteGuiTests.SuiteHrTests.JobTests.ChangeSalaryResetButtonTests.ChangeSalaryResetButtonMss	56	Waiting for Review
GlobalHr.SuiteGuiTests.SuiteHrTests.JobTests.ChangeSalaryResetButtonTests.ChangeSalaryResetButtonEeadm	56	Waiting for Review
GlobalHr.SuiteGuiTests.SuiteHrTests.JobTests.ChangeSalaryResetButtonTests.ChangeSalaryResetButtonPosMss	56	Waiting for Review
GlobalHr.SuiteGuiTests.SuiteBusRules.SuiteShifts.TestShiftOther	57	Waiting for Review
GlobalHr.SuiteGuiTests.SuiteBusRules.SuiteShifts.TestShiftBoxes	61	Waiting for Review
GlobalHr.SuiteGuiTests.SuiteHrTests.JobTests.ChangeSalaryPercentChange	82	Waiting for Review
GlobalHr.SuiteGuiTests.SuiteOtherTests.SecuredDataLevel.SdlOrg1	88	Waiting for Review
GlobalHr.SuiteGuiTests.SuiteOtherTests.SecuredDataLevel.SdlOrg2	90	Waiting for Review
GlobalHr.SuiteGuiTests.SuiteBusRules.SuiteEarnings.TestEarningsEditTaxPage	126	Waiting for Review
GlobalHr.SuiteGuiTests.SuiteHrTests.JobTests.WorkersCompCanada	160	Waiting for Review
GlobalHr.SuiteGuiTests.SuiteEeadmTests.TestEeAdminHcsoCheckBoxAndDateFields	242	Waiting for Review
GlobalHr.SuiteGuiTests.SuiteHrTests.JobTests.SecondaryJobsDeleteWf	263	Waiting for Review
GlobalHr.SuiteGuiTests.SuiteBusRules.SuiteShifts.TestShiftsFunc	298	Waiting for Review
GlobalHr.SuiteGuiTests.SuiteBusRules.SuiteJobs.AddJobCodeValidationCan	306	Waiting for Review
GlobalHr.SuiteGuiTests.SuiteOtherTests.CanSuppressSin	319	Waiting for Review
GlobalHr.SuiteGuiTests.SuiteHrTests.BenefitsTests.PtoPlansWorkFlow	377	Waiting for Review
GlobalHr.SuiteGuiTests.SuiteHrTests.JobTests.ChangeJobSalRevCombWizPieceRates	540	Waiting for Review
GlobalHr.SuiteGuiTests.SuiteHrTests.ContactsTests.EssContact	556	Waiting for Review
GlobalHr.SuiteGuiTests.SuiteBusRules.SuiteDeductionBenefitGrps.TestDdctnBnftsGrpsPage	17	Finished
GlobalHr.SuiteGuiTests.SuiteBusRules.HireSource.ValidateSearch	49	Finished
GlobalHr.SuiteGuiTests.SuiteHrTests.BenefitsTests.CurrentBenefits	51	Finished
GlobalHr.SuiteGuiTests.SuiteBusRules.LicenseAndCertifications.ValidateSearch	61	Finished
GlobalHr.SuiteGuiTests.SuiteBusRules.ReviewTypes.ReviewTypeSearch	63	Finished
GlobalHr.SuiteGuiTests.SuiteBusRules.SuiteCountries.ViewAccess	75	Finished
GlobalHr.SuiteGuiTests.SuiteBusRules.LicenseAndCertifications.EditLocalizedDescription	85	Finished
GlobalHr.SuiteGuiTests.SuiteBusRules.HireSource.EditCode	104	Finished
GlobalHr.SuiteGuiTests.SuiteBusRules.LicenseAndCertifications.AddCode	142	Finished
GlobalHr.SuiteGuiTests.SuiteBusRules.HireSource.AddCode	153	Finished
GlobalHr.SuiteGuiTests.SuiteBusRules.SuiteCountries.DeleteState	168	Finished
GlobalHr.SuiteGuiTests.SuiteGlobalTests.GlobalMssContacts	176	Finished
GlobalHr.SuiteGuiTests.SuiteHrTests.SuitePayScales.NewHirePayScalesNegativeTests	226	Finished
GlobalHr.SuiteGuiTests.SuiteBusRules.SuiteCountries.AddCountryPage	276	Finished
GlobalHr.SuiteGuiTests.SuiteHrTests.CareerAndEducationTests.AwardsTestEss	306	Finished
GlobalHr.SuiteGuiTests.SuiteHrTests.CareerAndEducationTests.SkillsTestEss	391	Finished
GlobalHr.SuiteGuiTests.SuiteHrTests.HireTests.NewHire.UsTests.TestKyOnlyResWorkinTax	434	Finished
GlobalHr.SuiteGuiTests.SuiteHrTests.BenefitsTests.BenDepInvestLinkCobra	441	Finished
GlobalHr.SuiteGuiTests.SuiteBusRules.SuiteCountries.TestSaveCountry	524	Finished
GlobalHr.SuiteGuiTests.SuiteHrTests.ContactsTests.EssContactCan	581	Finished
GlobalHr.SuiteGuiTests.SuiteHrTests.HireTests.NewHire.CanTests.CanadaNhSysAdmWithApostrophe	663	Finished
GlobalHr.SuiteGuiTests.SuiteHrTests.SuitePayScales.NewHireUsPayScales1	1138	Finished
